Site,Lat,Lon,night_date,Myotis,Detector Active,Site type
NTBP,60.04,-112.73,5/21/2011,16,Yes,Foraging site
NTBP,60.04,-112.73,5/22/2011,1,Yes,Foraging site
NTBP,60.04,-112.73,5/23/2011,5,Yes,Foraging site
NTBP,60.04,-112.73,5/24/2011,1,Yes,Foraging site
NTBP,60.04,-112.73,5/25/2011,5,Yes,Foraging site
NTBP,60.04,-112.73,5/26/2011,12,Yes,Foraging site
NTBP,60.04,-112.73,5/27/2011,0,Yes,Foraging site
NTBP,60.04,-112.73,5/28/2011,2,Yes,Foraging site
NTBP,60.04,-112.73,5/29/2011,0,Yes,Foraging site
NTBP,60.04,-112.73,6/28/2011,0,No,Foraging site
NTBP,60.04,-112.73,6/29/2011,1,Yes,Foraging site
NTBP,60.04,-112.73,6/30/2011,5,Yes,Foraging site
NTBP,60.04,-112.73,7/1/2011,0,Yes,Foraging site
NTBP,60.04,-112.73,7/2/2011,0,Yes,Foraging site
NTBP,60.04,-112.73,7/3/2011,20,Yes,Foraging site
NTBP,60.04,-112.73,7/4/2011,,No,Foraging site
NTBP,60.04,-112.73,7/11/2011,,No,Foraging site
NTBP,60.04,-112.73,7/14/2011,24,Yes,Foraging site
NTBP,60.04,-112.73,7/15/2011,2,Yes,Foraging site
NTBP,60.04,-112.73,7/16/2011,13,Yes,Foraging site
NTBP,60.04,-112.73,7/17/2011,15,Yes,Foraging site
NTBP,60.04,-112.73,7/18/2011,26,Yes,Foraging site
NTBP,60.04,-112.73,7/19/2011,0,Yes,Foraging site
NTBP,60.04,-112.73,7/26/2011,48,Yes,Foraging site
NTBP,60.04,-112.73,7/27/2011,83,Yes,Foraging site
NTBP,60.04,-112.73,7/28/2011,100,Yes,Foraging site
NTBP,60.04,-112.73,7/29/2011,71,Yes,Foraging site
NTBP,60.04,-112.73,7/30/2011,50,Yes,Foraging site
NTBP,60.04,-112.73,7/31/2011,43,Yes,Foraging site
NTBP,60.04,-112.73,8/1/2011,109,Yes,Foraging site
NTBP,60.04,-112.73,8/2/2011,43,Yes,Foraging site
NTBP,60.04,-112.73,8/3/2011,0,Yes,Foraging site
NTBP,60.04,-112.73,8/13/2011,0,No,Foraging site
NTBP,60.04,-112.73,8/14/2011,28,Yes,Foraging site
NTBP,60.04,-112.73,8/15/2011,301,Yes,Foraging site
NTBP,60.04,-112.73,8/16/2011,67,Yes,Foraging site
NTBP,60.04,-112.73,8/17/2011,0,Yes,Foraging site
NTBP,60.04,-112.73,8/30/2011,0,Yes,Foraging site
NTBP,60.04,-112.73,8/31/2011,3,Yes,Foraging site
NTBP,60.04,-112.73,9/1/2011,2,Yes,Foraging site
NTBP,60.04,-112.73,9/2/2011,0,Yes,Foraging site
NTBP,60.04,-112.73,9/8/2011,0,Yes,Foraging site
NTBP,60.04,-112.73,9/9/2011,0,Yes,Foraging site
NTBP,60.04,-112.73,9/10/2011,0,Yes,Foraging site
NTBP,60.04,-112.73,9/11/2011,0,Yes,Foraging site
NTBP,60.04,-112.73,9/12/2011,0,Yes,Foraging site
NTBP,60.04,-112.73,9/13/2011,0,Yes,Foraging site
NTBP,60.04,-112.73,9/14/2011,0,Yes,Foraging site
NTBP,60.04,-112.73,9/15/2011,0,Yes,Foraging site
NTBP,60.04,-112.73,9/16/2011,0,Yes,Foraging site
NTBP,60.04,-112.73,9/17/2011,0,Yes,Foraging site
NTBP,60.04,-112.73,9/18/2011,0,Yes,Foraging site
NTBP,60.04,-112.73,9/19/2011,0,Yes,Foraging site
NTBP,60.04,-112.73,9/20/2011,0,Yes,Foraging site
NTBP,60.04,-112.73,9/21/2011,0,Yes,Foraging site
NTBP,60.04,-112.73,9/22/2011,0,Yes,Foraging site
NTBP,60.04,-112.73,9/23/2011,0,Yes,Foraging site
NTBP,60.04,-112.73,9/24/2011,0,Yes,Foraging site
NTBP,60.04,-112.73,9/25/2011,0,Yes,Foraging site
NTBP,60.04,-112.73,9/26/2011,0,Yes,Foraging site
NTBP,60.04,-112.73,9/27/2011,0,Yes,Foraging site
NTBP,60.04,-112.73,9/28/2011,0,Yes,Foraging site
NTBP,60.04,-112.73,9/29/2011,0,Yes,Foraging site
NTBP,60.04,-112.73,9/30/2011,0,Yes,Foraging site
NTBP,60.04,-112.73,10/1/2011,0,Yes,Foraging site
NTBP,60.04,-112.73,10/2/2011,0,Yes,Foraging site
NTBP,60.04,-112.73,10/3/2011,0,Yes,Foraging site
NTBP,60.04,-112.73,10/4/2011,0,Yes,Foraging site
NTBP,60.04,-112.73,10/5/2011,0,Yes,Foraging site
SSR-1,60.1,-112.8,3/21/2012,,No,Hibernaculum
SSR-1,60.1,-112.8,3/22/2012,,No,Hibernaculum
SSR-1,60.1,-112.8,3/23/2012,,No,Hibernaculum
SSR-1,60.1,-112.8,3/24/2012,,No,Hibernaculum
SSR-1,60.1,-112.8,3/25/2012,,No,Hibernaculum
SSR-1,60.1,-112.8,3/26/2012,,No,Hibernaculum
SSR-1,60.1,-112.8,3/27/2012,,No,Hibernaculum
SSR-1,60.1,-112.8,3/28/2012,,No,Hibernaculum
SSR-1,60.1,-112.8,3/29/2012,,No,Hibernaculum
SSR-1,60.1,-112.8,3/30/2012,1,Yes,Hibernaculum
SSR-1,60.1,-112.8,3/31/2012,19,Yes,Hibernaculum
SSR-1,60.1,-112.8,4/1/2012,21,Yes,Hibernaculum
SSR-1,60.1,-112.8,4/2/2012,0,Yes,Hibernaculum
SSR-1,60.1,-112.8,4/3/2012,3,Yes,Hibernaculum
SSR-1,60.1,-112.8,4/4/2012,0,Yes,Hibernaculum
SSR-1,60.1,-112.8,4/5/2012,0,Yes,Hibernaculum
SSR-1,60.1,-112.8,4/6/2012,2,Yes,Hibernaculum
SSR-1,60.1,-112.8,4/7/2012,0,Yes,Hibernaculum
SSR-1,60.1,-112.8,4/8/2012,0,Yes,Hibernaculum
SSR-1,60.1,-112.8,4/9/2012,0,Yes,Hibernaculum
SSR-1,60.1,-112.8,4/10/2012,0,Yes,Hibernaculum
SSR-1,60.1,-112.8,4/11/2012,25,Yes,Hibernaculum
SSR-1,60.1,-112.8,4/12/2012,8,Yes,Hibernaculum
SSR-1,60.1,-112.8,4/13/2012,7,Yes,Hibernaculum
SSR-1,60.1,-112.8,4/14/2012,1,Yes,Hibernaculum
SSR-1,60.1,-112.8,4/15/2012,1,Yes,Hibernaculum
SSR-1,60.1,-112.8,4/16/2012,2,Yes,Hibernaculum
SSR-1,60.1,-112.8,4/17/2012,1,Yes,Hibernaculum
SSR-1,60.1,-112.8,4/18/2012,6,Yes,Hibernaculum
SSR-1,60.1,-112.8,4/19/2012,142,Yes,Hibernaculum
SSR-1,60.1,-112.8,4/20/2012,216,Yes,Hibernaculum
SSR-1,60.1,-112.8,4/21/2012,318,Yes,Hibernaculum
SSR-1,60.1,-112.8,4/22/2012,142,Yes,Hibernaculum
SSR-1,60.1,-112.8,4/23/2012,1,Yes,Hibernaculum
SSR-1,60.1,-112.8,4/24/2012,5,Yes,Hibernaculum
SSR-1,60.1,-112.8,4/25/2012,9,Yes,Hibernaculum
SSR-1,60.1,-112.8,4/26/2012,530,Yes,Hibernaculum
SSR-1,60.1,-112.8,4/27/2012,359,Yes,Hibernaculum
SSR-1,60.1,-112.8,4/28/2012,286,Yes,Hibernaculum
SSR-1,60.1,-112.8,4/29/2012,489,Yes,Hibernaculum
SSR-1,60.1,-112.8,4/30/2012,391,Yes,Hibernaculum
SSR-1,60.1,-112.8,5/1/2012,497,Yes,Hibernaculum
SSR-1,60.1,-112.8,5/2/2012,508,Yes,Hibernaculum
SSR-1,60.1,-112.8,5/3/2012,707,Yes,Hibernaculum
SSR-1,60.1,-112.8,5/4/2012,629,Yes,Hibernaculum
SSR-1,60.1,-112.8,5/5/2012,456,Yes,Hibernaculum
SSR-1,60.1,-112.8,5/6/2012,360,Yes,Hibernaculum
SSR-1,60.1,-112.8,5/7/2012,533,Yes,Hibernaculum
SSR-1,60.1,-112.8,5/8/2012,567,Yes,Hibernaculum
SSR-1,60.1,-112.8,5/9/2012,435,Yes,Hibernaculum
SSR-1,60.1,-112.8,5/10/2012,204,Yes,Hibernaculum
SSR-1,60.1,-112.8,5/11/2012,373,Yes,Hibernaculum
SSR-1,60.1,-112.8,5/12/2012,91,Yes,Hibernaculum
SSR-1,60.1,-112.8,5/13/2012,286,Yes,Hibernaculum
SSR-1,60.1,-112.8,5/14/2012,187,Yes,Hibernaculum
SSR-1,60.1,-112.8,5/15/2012,1107,Yes,Hibernaculum
SSR-1,60.1,-112.8,5/16/2012,725,Yes,Hibernaculum
SSR-1,60.1,-112.8,5/17/2012,325,Yes,Hibernaculum
SSR-1,60.1,-112.8,5/18/2012,268,Yes,Hibernaculum
SSR-1,60.1,-112.8,5/19/2012,266,Yes,Hibernaculum
SSR-1,60.1,-112.8,5/20/2012,,No,Hibernaculum
SSR-1,60.1,-112.8,5/21/2012,,No,Hibernaculum
SSR-1,60.1,-112.8,5/22/2012,,No,Hibernaculum
SSR-1,60.1,-112.8,5/23/2012,479,Yes,Hibernaculum
SSR-1,60.1,-112.8,5/24/2012,283,Yes,Hibernaculum
SSR-1,60.1,-112.8,5/25/2012,440,Yes,Hibernaculum
SSR-1,60.1,-112.8,5/26/2012,442,Yes,Hibernaculum
SSR-1,60.1,-112.8,5/27/2012,574,Yes,Hibernaculum
SSR-1,60.1,-112.8,5/28/2012,627,Yes,Hibernaculum
SSR-1,60.1,-112.8,5/29/2012,558,Yes,Hibernaculum
SSR-1,60.1,-112.8,5/30/2012,583,Yes,Hibernaculum
SSR-1,60.1,-112.8,5/31/2012,491,Yes,Hibernaculum
SSR-1,60.1,-112.8,6/1/2012,390,Yes,Hibernaculum
SSR-1,60.1,-112.8,6/2/2012,557,Yes,Hibernaculum
SSR-1,60.1,-112.8,6/3/2012,497,Yes,Hibernaculum
SSR-1,60.1,-112.8,6/4/2012,458,Yes,Hibernaculum
SSR-1,60.1,-112.8,6/5/2012,451,Yes,Hibernaculum
SSR-1,60.1,-112.8,6/6/2012,456,Yes,Hibernaculum
SSR-1,60.1,-112.8,6/7/2012,441,Yes,Hibernaculum
SSR-1,60.1,-112.8,6/8/2012,489,Yes,Hibernaculum
SSR-1,60.1,-112.8,6/9/2012,249,Yes,Hibernaculum
SSR-1,60.1,-112.8,6/10/2012,138,Yes,Hibernaculum
SSR-1,60.1,-112.8,6/11/2012,234,Yes,Hibernaculum
SSR-1,60.1,-112.8,6/12/2012,210,Yes,Hibernaculum
SSR-1,60.1,-112.8,6/13/2012,181,Yes,Hibernaculum
SSR-1,60.1,-112.8,6/14/2012,189,Yes,Hibernaculum
SSR-1,60.1,-112.8,6/15/2012,136,Yes,Hibernaculum
SSR-1,60.1,-112.8,6/16/2012,158,Yes,Hibernaculum
SSR-1,60.1,-112.8,6/17/2012,,Yes,Hibernaculum
SSR-1,60.1,-112.8,6/18/2012,,Yes,Hibernaculum
SSR-1,60.1,-112.8,6/19/2012,,Yes,Hibernaculum
SSR-1,60.1,-112.8,6/20/2012,,Yes,Hibernaculum
SSR-1,60.1,-112.8,6/21/2012,,Yes,Hibernaculum
SSR-1,60.1,-112.8,6/22/2012,,Yes,Hibernaculum
SSR-1,60.1,-112.8,6/23/2012,,Yes,Hibernaculum
SSR-1,60.1,-112.8,6/24/2012,,Yes,Hibernaculum
SSR-1,60.1,-112.8,6/25/2012,,Yes,Hibernaculum
SSR-1,60.1,-112.8,6/26/2012,,Yes,Hibernaculum
SSR-1,60.1,-112.8,6/27/2012,,Yes,Hibernaculum
SSR-1,60.1,-112.8,6/28/2012,,Yes,Hibernaculum
SSR-1,60.1,-112.8,6/29/2012,,Yes,Hibernaculum
SSR-1,60.1,-112.8,6/30/2012,,No,Hibernaculum
SSR-1,60.1,-112.8,7/1/2012,,No,Hibernaculum
SSR-1,60.1,-112.8,7/2/2012,,No,Hibernaculum
SSR-1,60.1,-112.8,7/3/2012,,No,Hibernaculum
SSR-1,60.1,-112.8,7/4/2012,,No,Hibernaculum
SSR-1,60.1,-112.8,7/5/2012,1,Yes,Hibernaculum
SSR-1,60.1,-112.8,7/6/2012,40,Yes,Hibernaculum
SSR-1,60.1,-112.8,7/7/2012,41,Yes,Hibernaculum
SSR-1,60.1,-112.8,7/8/2012,105,Yes,Hibernaculum
SSR-1,60.1,-112.8,7/9/2012,202,Yes,Hibernaculum
SSR-1,60.1,-112.8,7/10/2012,126,Yes,Hibernaculum
SSR-1,60.1,-112.8,7/11/2012,221,Yes,Hibernaculum
SSR-1,60.1,-112.8,7/12/2012,124,Yes,Hibernaculum
SSR-1,60.1,-112.8,7/13/2012,149,Yes,Hibernaculum
SSR-1,60.1,-112.8,7/14/2012,179,Yes,Hibernaculum
SSR-1,60.1,-112.8,7/15/2012,276,Yes,Hibernaculum
SSR-1,60.1,-112.8,7/16/2012,312,Yes,Hibernaculum
SSR-1,60.1,-112.8,7/17/2012,354,Yes,Hibernaculum
SSR-1,60.1,-112.8,7/18/2012,342,Yes,Hibernaculum
SSR-1,60.1,-112.8,7/19/2012,407,Yes,Hibernaculum
SSR-1,60.1,-112.8,7/20/2012,528,Yes,Hibernaculum
SSR-1,60.1,-112.8,7/21/2012,734,Yes,Hibernaculum
SSR-1,60.1,-112.8,7/22/2012,704,Yes,Hibernaculum
SSR-1,60.1,-112.8,7/23/2012,796,Yes,Hibernaculum
SSR-1,60.1,-112.8,7/24/2012,834,Yes,Hibernaculum
SSR-1,60.1,-112.8,7/25/2012,,No,Hibernaculum
SSR-1,60.1,-112.8,7/26/2012,815,Yes,Hibernaculum
SSR-1,60.1,-112.8,7/27/2012,707,Yes,Hibernaculum
SSR-1,60.1,-112.8,7/28/2012,691,Yes,Hibernaculum
SSR-1,60.1,-112.8,7/29/2012,759,Yes,Hibernaculum
SSR-1,60.1,-112.8,7/30/2012,101,Yes,Hibernaculum
SSR-1,60.1,-112.8,7/31/2012,21,Yes,Hibernaculum
SSR-1,60.1,-112.8,8/1/2012,138,Yes,Hibernaculum
SSR-1,60.1,-112.8,8/2/2012,609,Yes,Hibernaculum
SSR-1,60.1,-112.8,8/3/2012,10,Yes,Hibernaculum
SSR-1,60.1,-112.8,8/4/2012,11,Yes,Hibernaculum
SSR-1,60.1,-112.8,8/5/2012,75,Yes,Hibernaculum
SSR-1,60.1,-112.8,8/6/2012,107,Yes,Hibernaculum
SSR-1,60.1,-112.8,8/7/2012,,No,Hibernaculum
SSR-1,60.1,-112.8,8/8/2012,,No,Hibernaculum
SSR-1,60.1,-112.8,8/9/2012,,No,Hibernaculum
SSR-1,60.1,-112.8,8/10/2012,,No,Hibernaculum
SSR-1,60.1,-112.8,8/11/2012,,No,Hibernaculum
SSR-1,60.1,-112.8,8/12/2012,,No,Hibernaculum
SSR-1,60.1,-112.8,8/13/2012,,No,Hibernaculum
SSR-1,60.1,-112.8,8/14/2012,,No,Hibernaculum
SSR-1,60.1,-112.8,8/15/2012,,No,Hibernaculum
SSR-1,60.1,-112.8,8/16/2012,,No,Hibernaculum
SSR-1,60.1,-112.8,8/17/2012,,No,Hibernaculum
SSR-1,60.1,-112.8,8/18/2012,,No,Hibernaculum
SSR-1,60.1,-112.8,8/19/2012,,No,Hibernaculum
SSR-1,60.1,-112.8,8/20/2012,,No,Hibernaculum
SSR-1,60.1,-112.8,8/21/2012,,No,Hibernaculum
SSR-1,60.1,-112.8,8/22/2012,,No,Hibernaculum
SSR-1,60.1,-112.8,8/23/2012,,No,Hibernaculum
SSR-1,60.1,-112.8,8/24/2012,,No,Hibernaculum
SSR-1,60.1,-112.8,8/25/2012,,No,Hibernaculum
SSR-1,60.1,-112.8,8/26/2012,,No,Hibernaculum
SSR-1,60.1,-112.8,8/27/2012,,No,Hibernaculum
SSR-1,60.1,-112.8,8/28/2012,,No,Hibernaculum
SSR-1,60.1,-112.8,8/29/2012,,No,Hibernaculum
SSR-1,60.1,-112.8,8/30/2012,,No,Hibernaculum
SSR-1,60.1,-112.8,8/31/2012,,No,Hibernaculum
SSR-1,60.1,-112.8,9/1/2012,,No,Hibernaculum
SSR-1,60.1,-112.8,9/2/2012,,No,Hibernaculum
SSR-1,60.1,-112.8,9/3/2012,,No,Hibernaculum
SSR-1,60.1,-112.8,9/4/2012,,No,Hibernaculum
SSR-1,60.1,-112.8,9/5/2012,,No,Hibernaculum
SSR-1,60.1,-112.8,9/6/2012,,No,Hibernaculum
SSR-1,60.1,-112.8,9/7/2012,,No,Hibernaculum
SSR-1,60.1,-112.8,9/8/2012,,No,Hibernaculum
SSR-1,60.1,-112.8,9/9/2012,,No,Hibernaculum
SSR-1,60.1,-112.8,9/10/2012,27,Yes,Hibernaculum
SSR-1,60.1,-112.8,9/11/2012,4,Yes,Hibernaculum
SSR-1,60.1,-112.8,9/12/2012,5,Yes,Hibernaculum
SSR-1,60.1,-112.8,9/13/2012,48,Yes,Hibernaculum
SSR-1,60.1,-112.8,9/14/2012,3,Yes,Hibernaculum
SSR-1,60.1,-112.8,9/15/2012,0,Yes,Hibernaculum
SSR-1,60.1,-112.8,9/16/2012,3,Yes,Hibernaculum
SSR-1,60.1,-112.8,9/17/2012,20,Yes,Hibernaculum
SSR-1,60.1,-112.8,9/18/2012,34,Yes,Hibernaculum
SSR-1,60.1,-112.8,9/19/2012,3,Yes,Hibernaculum
SSR-1,60.1,-112.8,9/20/2012,11,Yes,Hibernaculum
SSR-1,60.1,-112.8,9/21/2012,21,Yes,Hibernaculum
SSR-1,60.1,-112.8,9/22/2012,60,Yes,Hibernaculum
SSR-1,60.1,-112.8,9/23/2012,21,Yes,Hibernaculum
SSR-1,60.1,-112.8,9/24/2012,33,Yes,Hibernaculum
SSR-1,60.1,-112.8,9/25/2012,42,Yes,Hibernaculum
SSR-1,60.1,-112.8,9/26/2012,16,Yes,Hibernaculum
SSR-1,60.1,-112.8,9/27/2012,41,Yes,Hibernaculum
SSR-1,60.1,-112.8,9/28/2012,41,Yes,Hibernaculum
SSR-1,60.1,-112.8,9/29/2012,40,Yes,Hibernaculum
SSR-1,60.1,-112.8,9/30/2012,9,Yes,Hibernaculum
SSR-1,60.1,-112.8,10/1/2012,0,Yes,Hibernaculum
SSR-1,60.1,-112.8,10/2/2012,0,Yes,Hibernaculum
SSR-1,60.1,-112.8,10/3/2012,0,Yes,Hibernaculum
SSR-1,60.1,-112.8,10/4/2012,14,Yes,Hibernaculum
SSR-1,60.1,-112.8,10/5/2012,29,Yes,Hibernaculum
SSR-1,60.1,-112.8,10/6/2012,26,Yes,Hibernaculum
SSR-1,60.1,-112.8,10/7/2012,4,Yes,Hibernaculum
SSR-1,60.1,-112.8,10/8/2012,4,Yes,Hibernaculum
SSR-1,60.1,-112.8,10/9/2012,3,Yes,Hibernaculum
SSR-1,60.1,-112.8,10/10/2012,0,Yes,Hibernaculum
SSR-1,60.1,-112.8,10/11/2012,9,Yes,Hibernaculum
SSR-1,60.1,-112.8,10/12/2012,1,Yes,Hibernaculum
SSR-1,60.1,-112.8,10/13/2012,9,Yes,Hibernaculum
SSR-1,60.1,-112.8,10/14/2012,3,Yes,Hibernaculum
SSR-1,60.1,-112.8,10/15/2012,3,Yes,Hibernaculum
SSR-1,60.1,-112.8,10/16/2012,1,Yes,Hibernaculum
SSR-1,60.1,-112.8,10/17/2012,0,Yes,Hibernaculum
SSR-1,60.1,-112.8,10/18/2012,9,Yes,Hibernaculum
SSR-1,60.1,-112.8,10/19/2012,4,Yes,Hibernaculum
SSR-1,60.1,-112.8,10/20/2012,1,Yes,Hibernaculum
SSR-1,60.1,-112.8,10/21/2012,2,Yes,Hibernaculum
SSR-1,60.1,-112.8,10/22/2012,,Yes,Hibernaculum
SSR-1,60.1,-112.8,10/23/2012,,Yes,Hibernaculum
SSR-1,60.1,-112.8,10/24/2012,,Yes,Hibernaculum
SSR-1,60.1,-112.8,10/25/2012,,Yes,Hibernaculum
SSR-1,60.1,-112.8,10/26/2012,,Yes,Hibernaculum
SSR-1,60.1,-112.8,10/27/2012,,No,Hibernaculum
SSR-1,60.1,-112.8,10/28/2012,,No,Hibernaculum
SSR-1,60.1,-112.8,10/29/2012,,No,Hibernaculum
SSR-1,60.1,-112.8,10/30/2012,,No,Hibernaculum
SSR-1,60.1,-112.8,10/31/2012,,No,Hibernaculum
Thebacha maternity,60.09,-112.25,4/1/2011,,No,Myotis lucifugus maternity colony
Thebacha maternity,60.09,-112.25,4/2/2011,,No,Myotis lucifugus maternity colony
Thebacha maternity,60.09,-112.25,4/3/2011,,No,Myotis lucifugus maternity colony
Thebacha maternity,60.09,-112.25,4/4/2011,,No,Myotis lucifugus maternity colony
Thebacha maternity,60.09,-112.25,4/5/2011,,No,Myotis lucifugus maternity colony
Thebacha maternity,60.09,-112.25,4/6/2011,,No,Myotis lucifugus maternity colony
Thebacha maternity,60.09,-112.25,4/7/2011,,No,Myotis lucifugus maternity colony
Thebacha maternity,60.09,-112.25,4/8/2011,,No,Myotis lucifugus maternity colony
Thebacha maternity,60.09,-112.25,4/9/2011,,No,Myotis lucifugus maternity colony
Thebacha maternity,60.09,-112.25,4/10/2011,,No,Myotis lucifugus maternity colony
Thebacha maternity,60.09,-112.25,4/11/2011,,No,Myotis lucifugus maternity colony
Thebacha maternity,60.09,-112.25,4/12/2011,,No,Myotis lucifugus maternity colony
Thebacha maternity,60.09,-112.25,4/13/2011,,No,Myotis lucifugus maternity colony
Thebacha maternity,60.09,-112.25,4/14/2011,,No,Myotis lucifugus maternity colony
Thebacha maternity,60.09,-112.25,4/15/2011,,No,Myotis lucifugus maternity colony
Thebacha maternity,60.09,-112.25,4/16/2011,,No,Myotis lucifugus maternity colony
Thebacha maternity,60.09,-112.25,4/17/2011,,No,Myotis lucifugus maternity colony
Thebacha maternity,60.09,-112.25,4/18/2011,,No,Myotis lucifugus maternity colony
Thebacha maternity,60.09,-112.25,4/19/2011,,No,Myotis lucifugus maternity colony
Thebacha maternity,60.09,-112.25,4/20/2011,,No,Myotis lucifugus maternity colony
Thebacha maternity,60.09,-112.25,4/21/2011,,No,Myotis lucifugus maternity colony
Thebacha maternity,60.09,-112.25,4/22/2011,,No,Myotis lucifugus maternity colony
Thebacha maternity,60.09,-112.25,4/23/2011,,No,Myotis lucifugus maternity colony
Thebacha maternity,60.09,-112.25,4/24/2011,,No,Myotis lucifugus maternity colony
Thebacha maternity,60.09,-112.25,4/25/2011,,No,Myotis lucifugus maternity colony
Thebacha maternity,60.09,-112.25,4/26/2011,,No,Myotis lucifugus maternity colony
Thebacha maternity,60.09,-112.25,4/27/2011,,No,Myotis lucifugus maternity colony
Thebacha maternity,60.09,-112.25,4/28/2011,,No,Myotis lucifugus maternity colony
Thebacha maternity,60.09,-112.25,4/29/2011,,No,Myotis lucifugus maternity colony
Thebacha maternity,60.09,-112.25,4/30/2011,,No,Myotis lucifugus maternity colony
Thebacha maternity,60.09,-112.25,5/1/2011,,No,Myotis lucifugus maternity colony
Thebacha maternity,60.09,-112.25,5/2/2011,,No,Myotis lucifugus maternity colony
Thebacha maternity,60.09,-112.25,5/3/2011,15,Yes,Myotis lucifugus maternity colony
Thebacha maternity,60.09,-112.25,5/4/2011,4,Yes,Myotis lucifugus maternity colony
Thebacha maternity,60.09,-112.25,5/5/2011,,No,Myotis lucifugus maternity colony
Thebacha maternity,60.09,-112.25,5/6/2011,,No,Myotis lucifugus maternity colony
Thebacha maternity,60.09,-112.25,5/7/2011,,No,Myotis lucifugus maternity colony
Thebacha maternity,60.09,-112.25,5/8/2011,,No,Myotis lucifugus maternity colony
Thebacha maternity,60.09,-112.25,5/9/2011,,No,Myotis lucifugus maternity colony
Thebacha maternity,60.09,-112.25,5/10/2011,,No,Myotis lucifugus maternity colony
Thebacha maternity,60.09,-112.25,5/11/2011,,No,Myotis lucifugus maternity colony
Thebacha maternity,60.09,-112.25,5/12/2011,,No,Myotis lucifugus maternity colony
Thebacha maternity,60.09,-112.25,5/13/2011,,No,Myotis lucifugus maternity colony
Thebacha maternity,60.09,-112.25,5/14/2011,,No,Myotis lucifugus maternity colony
Thebacha maternity,60.09,-112.25,5/15/2011,,No,Myotis lucifugus maternity colony
Thebacha maternity,60.09,-112.25,5/16/2011,,No,Myotis lucifugus maternity colony
Thebacha maternity,60.09,-112.25,5/17/2011,,No,Myotis lucifugus maternity colony
Thebacha maternity,60.09,-112.25,5/18/2011,384,Yes,Myotis lucifugus maternity colony
Thebacha maternity,60.09,-112.25,5/19/2011,472,Yes,Myotis lucifugus maternity colony
Thebacha maternity,60.09,-112.25,5/20/2011,0,Yes,Myotis lucifugus maternity colony
Thebacha maternity,60.09,-112.25,5/21/2011,0,Yes,Myotis lucifugus maternity colony
Thebacha maternity,60.09,-112.25,5/22/2011,0,Yes,Myotis lucifugus maternity colony
Thebacha maternity,60.09,-112.25,5/23/2011,170,Yes,Myotis lucifugus maternity colony
Thebacha maternity,60.09,-112.25,5/24/2011,63,Yes,Myotis lucifugus maternity colony
Thebacha maternity,60.09,-112.25,5/25/2011,124,Yes,Myotis lucifugus maternity colony
Thebacha maternity,60.09,-112.25,5/26/2011,158,Yes,Myotis lucifugus maternity colony
Thebacha maternity,60.09,-112.25,5/27/2011,200,Yes,Myotis lucifugus maternity colony
Thebacha maternity,60.09,-112.25,5/28/2011,107,Yes,Myotis lucifugus maternity colony
Thebacha maternity,60.09,-112.25,5/29/2011,178,Yes,Myotis lucifugus maternity colony
Thebacha maternity,60.09,-112.25,5/30/2011,158,Yes,Myotis lucifugus maternity colony
Thebacha maternity,60.09,-112.25,5/31/2011,187,Yes,Myotis lucifugus maternity colony
Thebacha maternity,60.09,-112.25,6/1/2011,309,Yes,Myotis lucifugus maternity colony
Thebacha maternity,60.09,-112.25,6/2/2011,112,Yes,Myotis lucifugus maternity colony
Thebacha maternity,60.09,-112.25,6/3/2011,79,Yes,Myotis lucifugus maternity colony
Thebacha maternity,60.09,-112.25,6/4/2011,53,Yes,Myotis lucifugus maternity colony
Thebacha maternity,60.09,-112.25,6/5/2011,63,Yes,Myotis lucifugus maternity colony
Thebacha maternity,60.09,-112.25,6/6/2011,37,Yes,Myotis lucifugus maternity colony
Thebacha maternity,60.09,-112.25,6/7/2011,88,Yes,Myotis lucifugus maternity colony
Thebacha maternity,60.09,-112.25,6/8/2011,,No,Myotis lucifugus maternity colony
Thebacha maternity,60.09,-112.25,6/9/2011,,No,Myotis lucifugus maternity colony
Thebacha maternity,60.09,-112.25,6/10/2011,,No,Myotis lucifugus maternity colony
Thebacha maternity,60.09,-112.25,6/11/2011,,No,Myotis lucifugus maternity colony
Thebacha maternity,60.09,-112.25,6/12/2011,,No,Myotis lucifugus maternity colony
Thebacha maternity,60.09,-112.25,6/13/2011,,No,Myotis lucifugus maternity colony
Thebacha maternity,60.09,-112.25,6/14/2011,,No,Myotis lucifugus maternity colony
Thebacha maternity,60.09,-112.25,6/15/2011,237,Yes,Myotis lucifugus maternity colony
Thebacha maternity,60.09,-112.25,6/16/2011,335,Yes,Myotis lucifugus maternity colony
Thebacha maternity,60.09,-112.25,6/17/2011,297,Yes,Myotis lucifugus maternity colony
Thebacha maternity,60.09,-112.25,6/18/2011,235,Yes,Myotis lucifugus maternity colony
Thebacha maternity,60.09,-112.25,6/19/2011,299,Yes,Myotis lucifugus maternity colony
Thebacha maternity,60.09,-112.25,6/20/2011,181,Yes,Myotis lucifugus maternity colony
Thebacha maternity,60.09,-112.25,6/21/2011,279,Yes,Myotis lucifugus maternity colony
Thebacha maternity,60.09,-112.25,6/22/2011,419,Yes,Myotis lucifugus maternity colony
Thebacha maternity,60.09,-112.25,6/23/2011,222,Yes,Myotis lucifugus maternity colony
Thebacha maternity,60.09,-112.25,6/24/2011,298,Yes,Myotis lucifugus maternity colony
Thebacha maternity,60.09,-112.25,6/25/2011,332,Yes,Myotis lucifugus maternity colony
Thebacha maternity,60.09,-112.25,6/26/2011,333,Yes,Myotis lucifugus maternity colony
Thebacha maternity,60.09,-112.25,6/27/2011,473,Yes,Myotis lucifugus maternity colony
Thebacha maternity,60.09,-112.25,6/28/2011,385,Yes,Myotis lucifugus maternity colony
Thebacha maternity,60.09,-112.25,6/29/2011,358,Yes,Myotis lucifugus maternity colony
Thebacha maternity,60.09,-112.25,6/30/2011,,No,Myotis lucifugus maternity colony
Thebacha maternity,60.09,-112.25,7/1/2011,,No,Myotis lucifugus maternity colony
Thebacha maternity,60.09,-112.25,7/2/2011,,No,Myotis lucifugus maternity colony
Thebacha maternity,60.09,-112.25,7/3/2011,,No,Myotis lucifugus maternity colony
Thebacha maternity,60.09,-112.25,7/4/2011,,No,Myotis lucifugus maternity colony
Thebacha maternity,60.09,-112.25,7/5/2011,,No,Myotis lucifugus maternity colony
Thebacha maternity,60.09,-112.25,7/6/2011,,No,Myotis lucifugus maternity colony
Thebacha maternity,60.09,-112.25,7/7/2011,,No,Myotis lucifugus maternity colony
Thebacha maternity,60.09,-112.25,7/8/2011,703,Yes,Myotis lucifugus maternity colony
Thebacha maternity,60.09,-112.25,7/9/2011,525,Yes,Myotis lucifugus maternity colony
Thebacha maternity,60.09,-112.25,7/10/2011,630,Yes,Myotis lucifugus maternity colony
Thebacha maternity,60.09,-112.25,7/11/2011,823,Yes,Myotis lucifugus maternity colony
Thebacha maternity,60.09,-112.25,7/12/2011,731,Yes,Myotis lucifugus maternity colony
Thebacha maternity,60.09,-112.25,7/13/2011,776,Yes,Myotis lucifugus maternity colony
Thebacha maternity,60.09,-112.25,7/14/2011,1178,Yes,Myotis lucifugus maternity colony
Thebacha maternity,60.09,-112.25,7/15/2011,966,Yes,Myotis lucifugus maternity colony
Thebacha maternity,60.09,-112.25,7/16/2011,1250,Yes,Myotis lucifugus maternity colony
Thebacha maternity,60.09,-112.25,7/17/2011,1121,Yes,Myotis lucifugus maternity colony
Thebacha maternity,60.09,-112.25,7/18/2011,1367,Yes,Myotis lucifugus maternity colony
Thebacha maternity,60.09,-112.25,7/19/2011,1309,Yes,Myotis lucifugus maternity colony
Thebacha maternity,60.09,-112.25,7/20/2011,1233,Yes,Myotis lucifugus maternity colony
Thebacha maternity,60.09,-112.25,7/21/2011,1091,Yes,Myotis lucifugus maternity colony
Thebacha maternity,60.09,-112.25,7/22/2011,989,Yes,Myotis lucifugus maternity colony
Thebacha maternity,60.09,-112.25,7/23/2011,1090,Yes,Myotis lucifugus maternity colony
Thebacha maternity,60.09,-112.25,7/24/2011,1195,Yes,Myotis lucifugus maternity colony
Thebacha maternity,60.09,-112.25,7/25/2011,1021,Yes,Myotis lucifugus maternity colony
Thebacha maternity,60.09,-112.25,7/26/2011,882,Yes,Myotis lucifugus maternity colony
Thebacha maternity,60.09,-112.25,7/27/2011,1084,Yes,Myotis lucifugus maternity colony
Thebacha maternity,60.09,-112.25,7/28/2011,873,Yes,Myotis lucifugus maternity colony
Thebacha maternity,60.09,-112.25,7/29/2011,874,Yes,Myotis lucifugus maternity colony
Thebacha maternity,60.09,-112.25,7/30/2011,576,Yes,Myotis lucifugus maternity colony
Thebacha maternity,60.09,-112.25,7/31/2011,524,Yes,Myotis lucifugus maternity colony
Thebacha maternity,60.09,-112.25,8/1/2011,717,Yes,Myotis lucifugus maternity colony
Thebacha maternity,60.09,-112.25,8/2/2011,609,Yes,Myotis lucifugus maternity colony
Thebacha maternity,60.09,-112.25,8/3/2011,422,Yes,Myotis lucifugus maternity colony
Thebacha maternity,60.09,-112.25,8/4/2011,315,Yes,Myotis lucifugus maternity colony
Thebacha maternity,60.09,-112.25,8/5/2011,344,Yes,Myotis lucifugus maternity colony
Thebacha maternity,60.09,-112.25,8/6/2011,318,Yes,Myotis lucifugus maternity colony
Thebacha maternity,60.09,-112.25,8/7/2011,249,Yes,Myotis lucifugus maternity colony
Thebacha maternity,60.09,-112.25,8/8/2011,345,Yes,Myotis lucifugus maternity colony
Thebacha maternity,60.09,-112.25,8/9/2011,293,Yes,Myotis lucifugus maternity colony
Thebacha maternity,60.09,-112.25,8/10/2011,165,Yes,Myotis lucifugus maternity colony
Thebacha maternity,60.09,-112.25,8/11/2011,196,Yes,Myotis lucifugus maternity colony
Thebacha maternity,60.09,-112.25,8/12/2011,113,Yes,Myotis lucifugus maternity colony
Thebacha maternity,60.09,-112.25,8/13/2011,66,Yes,Myotis lucifugus maternity colony
Thebacha maternity,60.09,-112.25,8/14/2011,160,Yes,Myotis lucifugus maternity colony
Thebacha maternity,60.09,-112.25,8/15/2011,110,Yes,Myotis lucifugus maternity colony
Thebacha maternity,60.09,-112.25,8/16/2011,110,Yes,Myotis lucifugus maternity colony
Thebacha maternity,60.09,-112.25,8/17/2011,133,Yes,Myotis lucifugus maternity colony
Thebacha maternity,60.09,-112.25,8/18/2011,129,Yes,Myotis lucifugus maternity colony
Thebacha maternity,60.09,-112.25,8/19/2011,34,Yes,Myotis lucifugus maternity colony
Thebacha maternity,60.09,-112.25,8/20/2011,231,Yes,Myotis lucifugus maternity colony
Thebacha maternity,60.09,-112.25,8/21/2011,89,Yes,Myotis lucifugus maternity colony
Thebacha maternity,60.09,-112.25,8/22/2011,58,Yes,Myotis lucifugus maternity colony
Thebacha maternity,60.09,-112.25,8/23/2011,62,Yes,Myotis lucifugus maternity colony
Thebacha maternity,60.09,-112.25,8/24/2011,81,Yes,Myotis lucifugus maternity colony
Thebacha maternity,60.09,-112.25,8/25/2011,31,Yes,Myotis lucifugus maternity colony
Thebacha maternity,60.09,-112.25,8/26/2011,12,Yes,Myotis lucifugus maternity colony
Thebacha maternity,60.09,-112.25,8/27/2011,245,Yes,Myotis lucifugus maternity colony
Thebacha maternity,60.09,-112.25,8/28/2011,12,Yes,Myotis lucifugus maternity colony
Thebacha maternity,60.09,-112.25,8/29/2011,37,Yes,Myotis lucifugus maternity colony
Thebacha maternity,60.09,-112.25,8/30/2011,4,Yes,Myotis lucifugus maternity colony
Thebacha maternity,60.09,-112.25,8/31/2011,2,Yes,Myotis lucifugus maternity colony
Thebacha maternity,60.09,-112.25,9/1/2011,24,Yes,Myotis lucifugus maternity colony
Thebacha maternity,60.09,-112.25,9/2/2011,9,Yes,Myotis lucifugus maternity colony
Thebacha maternity,60.09,-112.25,9/3/2011,66,Yes,Myotis lucifugus maternity colony
Thebacha maternity,60.09,-112.25,9/4/2011,68,Yes,Myotis lucifugus maternity colony
Thebacha maternity,60.09,-112.25,9/5/2011,24,Yes,Myotis lucifugus maternity colony
Thebacha maternity,60.09,-112.25,9/6/2011,77,Yes,Myotis lucifugus maternity colony
Thebacha maternity,60.09,-112.25,9/7/2011,32,Yes,Myotis lucifugus maternity colony
Thebacha maternity,60.09,-112.25,9/8/2011,23,Yes,Myotis lucifugus maternity colony
Thebacha maternity,60.09,-112.25,9/9/2011,162,Yes,Myotis lucifugus maternity colony
Thebacha maternity,60.09,-112.25,9/10/2011,3,Yes,Myotis lucifugus maternity colony
Thebacha maternity,60.09,-112.25,9/11/2011,19,Yes,Myotis lucifugus maternity colony
Thebacha maternity,60.09,-112.25,9/12/2011,4,Yes,Myotis lucifugus maternity colony
Thebacha maternity,60.09,-112.25,9/13/2011,2,Yes,Myotis lucifugus maternity colony
Thebacha maternity,60.09,-112.25,9/14/2011,105,Yes,Myotis lucifugus maternity colony
Thebacha maternity,60.09,-112.25,9/15/2011,12,Yes,Myotis lucifugus maternity colony
Thebacha maternity,60.09,-112.25,9/16/2011,13,Yes,Myotis lucifugus maternity colony
Thebacha maternity,60.09,-112.25,9/17/2011,8,Yes,Myotis lucifugus maternity colony
Thebacha maternity,60.09,-112.25,9/18/2011,6,Yes,Myotis lucifugus maternity colony
Thebacha maternity,60.09,-112.25,9/19/2011,1,Yes,Myotis lucifugus maternity colony
Thebacha maternity,60.09,-112.25,9/20/2011,335,Yes,Myotis lucifugus maternity colony
Thebacha maternity,60.09,-112.25,9/21/2011,315,Yes,Myotis lucifugus maternity colony
Thebacha maternity,60.09,-112.25,9/22/2011,11,Yes,Myotis lucifugus maternity colony
Thebacha maternity,60.09,-112.25,9/23/2011,3,Yes,Myotis lucifugus maternity colony
Thebacha maternity,60.09,-112.25,9/24/2011,0,Yes,Myotis lucifugus maternity colony
Thebacha maternity,60.09,-112.25,9/25/2011,0,Yes,Myotis lucifugus maternity colony
Thebacha maternity,60.09,-112.25,9/26/2011,3,Yes,Myotis lucifugus maternity colony
Thebacha maternity,60.09,-112.25,9/27/2011,1,Yes,Myotis lucifugus maternity colony
Thebacha maternity,60.09,-112.25,9/28/2011,0,Yes,Myotis lucifugus maternity colony
Thebacha maternity,60.09,-112.25,9/29/2011,0,Yes,Myotis lucifugus maternity colony
Thebacha maternity,60.09,-112.25,9/30/2011,0,Yes,Myotis lucifugus maternity colony
Thebacha maternity,60.09,-112.25,10/1/2011,0,Yes,Myotis lucifugus maternity colony
Thebacha maternity,60.09,-112.25,10/2/2011,0,Yes,Myotis lucifugus maternity colony
Thebacha maternity,60.09,-112.25,10/3/2011,0,Yes,Myotis lucifugus maternity colony
Thebacha maternity,60.09,-112.25,10/4/2011,0,Yes,Myotis lucifugus maternity colony
Thebacha maternity,60.09,-112.25,10/5/2011,0,Yes,Myotis lucifugus maternity colony
Thebacha maternity,60.09,-112.25,10/6/2011,0,Yes,Myotis lucifugus maternity colony
Thebacha maternity,60.09,-112.25,10/7/2011,0,Yes,Myotis lucifugus maternity colony
Thebacha maternity,60.09,-112.25,10/8/2011,0,Yes,Myotis lucifugus maternity colony
Thebacha maternity,60.09,-112.25,10/9/2011,0,Yes,Myotis lucifugus maternity colony
Thebacha maternity,60.09,-112.25,10/10/2011,0,Yes,Myotis lucifugus maternity colony
Thebacha maternity,60.09,-112.25,10/11/2011,0,Yes,Myotis lucifugus maternity colony
Thebacha maternity,60.09,-112.25,10/12/2011,,No,Myotis lucifugus maternity colony
Thebacha maternity,60.09,-112.25,10/13/2011,,No,Myotis lucifugus maternity colony
Thebacha maternity,60.09,-112.25,10/14/2011,,No,Myotis lucifugus maternity colony
Thebacha maternity,60.09,-112.25,10/15/2011,,No,Myotis lucifugus maternity colony
Thebacha maternity,60.09,-112.25,10/16/2011,,No,Myotis lucifugus maternity colony
Thebacha maternity,60.09,-112.25,10/17/2011,,No,Myotis lucifugus maternity colony
Thebacha maternity,60.09,-112.25,10/18/2011,,No,Myotis lucifugus maternity colony
Thebacha maternity,60.09,-112.25,10/19/2011,,No,Myotis lucifugus maternity colony
Thebacha maternity,60.09,-112.25,10/20/2011,,No,Myotis lucifugus maternity colony
Thebacha maternity,60.09,-112.25,10/21/2011,,No,Myotis lucifugus maternity colony
Thebacha maternity,60.09,-112.25,10/22/2011,,No,Myotis lucifugus maternity colony
Thebacha maternity,60.09,-112.25,10/23/2011,,No,Myotis lucifugus maternity colony
Thebacha maternity,60.09,-112.25,10/24/2011,,No,Myotis lucifugus maternity colony
Thebacha maternity,60.09,-112.25,10/25/2011,,No,Myotis lucifugus maternity colony
Thebacha maternity,60.09,-112.25,10/26/2011,,No,Myotis lucifugus maternity colony
Thebacha maternity,60.09,-112.25,10/27/2011,,No,Myotis lucifugus maternity colony
Thebacha maternity,60.09,-112.25,10/28/2011,,No,Myotis lucifugus maternity colony
Thebacha maternity,60.09,-112.25,10/29/2011,,No,Myotis lucifugus maternity colony
Thebacha maternity,60.09,-112.25,10/30/2011,,No,Myotis lucifugus maternity colony
Thebacha maternity,60.09,-112.25,10/31/2011,,No,Myotis lucifugus maternity colony
Thebacha maternity,60.09,-112.25,3/31/2012,,No,Myotis lucifugus maternity colony
Thebacha maternity,60.09,-112.25,4/1/2012,,No,Myotis lucifugus maternity colony
Thebacha maternity,60.09,-112.25,4/2/2012,,No,Myotis lucifugus maternity colony
Thebacha maternity,60.09,-112.25,4/3/2012,,No,Myotis lucifugus maternity colony
Thebacha maternity,60.09,-112.25,4/4/2012,,No,Myotis lucifugus maternity colony
Thebacha maternity,60.09,-112.25,4/5/2012,,No,Myotis lucifugus maternity colony
Thebacha maternity,60.09,-112.25,4/6/2012,,No,Myotis lucifugus maternity colony
Thebacha maternity,60.09,-112.25,4/7/2012,,No,Myotis lucifugus maternity colony
Thebacha maternity,60.09,-112.25,4/8/2012,,No,Myotis lucifugus maternity colony
Thebacha maternity,60.09,-112.25,4/9/2012,,No,Myotis lucifugus maternity colony
Thebacha maternity,60.09,-112.25,4/10/2012,,No,Myotis lucifugus maternity colony
Thebacha maternity,60.09,-112.25,4/11/2012,,No,Myotis lucifugus maternity colony
Thebacha maternity,60.09,-112.25,4/12/2012,,No,Myotis lucifugus maternity colony
Thebacha maternity,60.09,-112.25,4/13/2012,,No,Myotis lucifugus maternity colony
Thebacha maternity,60.09,-112.25,4/14/2012,,No,Myotis lucifugus maternity colony
Thebacha maternity,60.09,-112.25,4/15/2012,,No,Myotis lucifugus maternity colony
Thebacha maternity,60.09,-112.25,4/16/2012,,No,Myotis lucifugus maternity colony
Thebacha maternity,60.09,-112.25,4/17/2012,,No,Myotis lucifugus maternity colony
Thebacha maternity,60.09,-112.25,4/18/2012,,No,Myotis lucifugus maternity colony
Thebacha maternity,60.09,-112.25,4/19/2012,,No,Myotis lucifugus maternity colony
Thebacha maternity,60.09,-112.25,4/20/2012,,No,Myotis lucifugus maternity colony
Thebacha maternity,60.09,-112.25,4/21/2012,,No,Myotis lucifugus maternity colony
Thebacha maternity,60.09,-112.25,4/22/2012,,No,Myotis lucifugus maternity colony
Thebacha maternity,60.09,-112.25,4/23/2012,,No,Myotis lucifugus maternity colony
Thebacha maternity,60.09,-112.25,4/24/2012,,No,Myotis lucifugus maternity colony
Thebacha maternity,60.09,-112.25,4/25/2012,0,Yes,Myotis lucifugus maternity colony
Thebacha maternity,60.09,-112.25,4/26/2012,0,Yes,Myotis lucifugus maternity colony
Thebacha maternity,60.09,-112.25,4/27/2012,,No,Myotis lucifugus maternity colony
Thebacha maternity,60.09,-112.25,4/28/2012,,No,Myotis lucifugus maternity colony
Thebacha maternity,60.09,-112.25,4/29/2012,,No,Myotis lucifugus maternity colony
Thebacha maternity,60.09,-112.25,4/30/2012,,No,Myotis lucifugus maternity colony
Thebacha maternity,60.09,-112.25,5/1/2012,,No,Myotis lucifugus maternity colony
Thebacha maternity,60.09,-112.25,5/2/2012,,No,Myotis lucifugus maternity colony
Thebacha maternity,60.09,-112.25,5/3/2012,,No,Myotis lucifugus maternity colony
Thebacha maternity,60.09,-112.25,5/4/2012,,No,Myotis lucifugus maternity colony
Thebacha maternity,60.09,-112.25,5/5/2012,,No,Myotis lucifugus maternity colony
Thebacha maternity,60.09,-112.25,5/6/2012,,No,Myotis lucifugus maternity colony
Thebacha maternity,60.09,-112.25,5/7/2012,,No,Myotis lucifugus maternity colony
Thebacha maternity,60.09,-112.25,5/8/2012,,No,Myotis lucifugus maternity colony
Thebacha maternity,60.09,-112.25,5/9/2012,,No,Myotis lucifugus maternity colony
Thebacha maternity,60.09,-112.25,5/10/2012,,No,Myotis lucifugus maternity colony
Thebacha maternity,60.09,-112.25,5/11/2012,,No,Myotis lucifugus maternity colony
Thebacha maternity,60.09,-112.25,5/12/2012,,No,Myotis lucifugus maternity colony
Thebacha maternity,60.09,-112.25,5/13/2012,,No,Myotis lucifugus maternity colony
Thebacha maternity,60.09,-112.25,5/14/2012,,No,Myotis lucifugus maternity colony
Thebacha maternity,60.09,-112.25,5/15/2012,,No,Myotis lucifugus maternity colony
Thebacha maternity,60.09,-112.25,5/16/2012,,No,Myotis lucifugus maternity colony
Thebacha maternity,60.09,-112.25,5/17/2012,,No,Myotis lucifugus maternity colony
Thebacha maternity,60.09,-112.25,5/18/2012,,No,Myotis lucifugus maternity colony
Thebacha maternity,60.09,-112.25,5/19/2012,,No,Myotis lucifugus maternity colony
Thebacha maternity,60.09,-112.25,5/20/2012,,No,Myotis lucifugus maternity colony
Thebacha maternity,60.09,-112.25,5/21/2012,,No,Myotis lucifugus maternity colony
Thebacha maternity,60.09,-112.25,5/22/2012,,No,Myotis lucifugus maternity colony
Thebacha maternity,60.09,-112.25,5/23/2012,,No,Myotis lucifugus maternity colony
Thebacha maternity,60.09,-112.25,5/24/2012,216,Yes,Myotis lucifugus maternity colony
Thebacha maternity,60.09,-112.25,5/25/2012,255,Yes,Myotis lucifugus maternity colony
Thebacha maternity,60.09,-112.25,5/26/2012,359,Yes,Myotis lucifugus maternity colony
Thebacha maternity,60.09,-112.25,5/27/2012,277,Yes,Myotis lucifugus maternity colony
Thebacha maternity,60.09,-112.25,5/28/2012,281,Yes,Myotis lucifugus maternity colony
Thebacha maternity,60.09,-112.25,5/29/2012,308,Yes,Myotis lucifugus maternity colony
Thebacha maternity,60.09,-112.25,5/30/2012,353,Yes,Myotis lucifugus maternity colony
Thebacha maternity,60.09,-112.25,5/31/2012,331,Yes,Myotis lucifugus maternity colony
Thebacha maternity,60.09,-112.25,6/1/2012,374,Yes,Myotis lucifugus maternity colony
Thebacha maternity,60.09,-112.25,6/2/2012,285,Yes,Myotis lucifugus maternity colony
Thebacha maternity,60.09,-112.25,6/3/2012,301,Yes,Myotis lucifugus maternity colony
Thebacha maternity,60.09,-112.25,6/4/2012,257,Yes,Myotis lucifugus maternity colony
Thebacha maternity,60.09,-112.25,6/5/2012,279,Yes,Myotis lucifugus maternity colony
Thebacha maternity,60.09,-112.25,6/6/2012,273,Yes,Myotis lucifugus maternity colony
Thebacha maternity,60.09,-112.25,6/7/2012,243,Yes,Myotis lucifugus maternity colony
Thebacha maternity,60.09,-112.25,6/8/2012,295,Yes,Myotis lucifugus maternity colony
Thebacha maternity,60.09,-112.25,6/9/2012,381,Yes,Myotis lucifugus maternity colony
Thebacha maternity,60.09,-112.25,6/10/2012,272,Yes,Myotis lucifugus maternity colony
Thebacha maternity,60.09,-112.25,6/11/2012,270,Yes,Myotis lucifugus maternity colony
Thebacha maternity,60.09,-112.25,6/12/2012,411,Yes,Myotis lucifugus maternity colony
Thebacha maternity,60.09,-112.25,6/13/2012,347,Yes,Myotis lucifugus maternity colony
Thebacha maternity,60.09,-112.25,6/14/2012,499,Yes,Myotis lucifugus maternity colony
Thebacha maternity,60.09,-112.25,6/15/2012,335,Yes,Myotis lucifugus maternity colony
Thebacha maternity,60.09,-112.25,6/16/2012,346,Yes,Myotis lucifugus maternity colony
Thebacha maternity,60.09,-112.25,6/17/2012,530,Yes,Myotis lucifugus maternity colony
Thebacha maternity,60.09,-112.25,6/18/2012,310,Yes,Myotis lucifugus maternity colony
Thebacha maternity,60.09,-112.25,6/19/2012,342,Yes,Myotis lucifugus maternity colony
Thebacha maternity,60.09,-112.25,6/20/2012,315,Yes,Myotis lucifugus maternity colony
Thebacha maternity,60.09,-112.25,6/21/2012,302,Yes,Myotis lucifugus maternity colony
Thebacha maternity,60.09,-112.25,6/22/2012,33,Yes,Myotis lucifugus maternity colony
Thebacha maternity,60.09,-112.25,6/23/2012,,No,Myotis lucifugus maternity colony
Thebacha maternity,60.09,-112.25,6/24/2012,,No,Myotis lucifugus maternity colony
Thebacha maternity,60.09,-112.25,6/25/2012,,No,Myotis lucifugus maternity colony
Thebacha maternity,60.09,-112.25,6/26/2012,,No,Myotis lucifugus maternity colony
Thebacha maternity,60.09,-112.25,6/27/2012,,No,Myotis lucifugus maternity colony
Thebacha maternity,60.09,-112.25,6/28/2012,,No,Myotis lucifugus maternity colony
Thebacha maternity,60.09,-112.25,6/29/2012,,No,Myotis lucifugus maternity colony
Thebacha maternity,60.09,-112.25,6/30/2012,,No,Myotis lucifugus maternity colony
Thebacha maternity,60.09,-112.25,7/1/2012,,No,Myotis lucifugus maternity colony
Thebacha maternity,60.09,-112.25,7/2/2012,,No,Myotis lucifugus maternity colony
Thebacha maternity,60.09,-112.25,7/3/2012,,No,Myotis lucifugus maternity colony
Thebacha maternity,60.09,-112.25,7/4/2012,418,Yes,Myotis lucifugus maternity colony
Thebacha maternity,60.09,-112.25,7/5/2012,663,Yes,Myotis lucifugus maternity colony
Thebacha maternity,60.09,-112.25,7/6/2012,121,Yes,Myotis lucifugus maternity colony
Thebacha maternity,60.09,-112.25,7/7/2012,,No,Myotis lucifugus maternity colony
Thebacha maternity,60.09,-112.25,7/8/2012,929,Yes,Myotis lucifugus maternity colony
Thebacha maternity,60.09,-112.25,7/9/2012,1003,Yes,Myotis lucifugus maternity colony
Thebacha maternity,60.09,-112.25,7/10/2012,901,Yes,Myotis lucifugus maternity colony
Thebacha maternity,60.09,-112.25,7/11/2012,757,Yes,Myotis lucifugus maternity colony
Thebacha maternity,60.09,-112.25,7/12/2012,1256,Yes,Myotis lucifugus maternity colony
Thebacha maternity,60.09,-112.25,7/13/2012,1367,Yes,Myotis lucifugus maternity colony
Thebacha maternity,60.09,-112.25,7/14/2012,1171,Yes,Myotis lucifugus maternity colony
Thebacha maternity,60.09,-112.25,7/15/2012,1298,Yes,Myotis lucifugus maternity colony
Thebacha maternity,60.09,-112.25,7/16/2012,1854,Yes,Myotis lucifugus maternity colony
Thebacha maternity,60.09,-112.25,7/17/2012,1910,Yes,Myotis lucifugus maternity colony
Thebacha maternity,60.09,-112.25,7/18/2012,1855,Yes,Myotis lucifugus maternity colony
Thebacha maternity,60.09,-112.25,7/19/2012,591,Yes,Myotis lucifugus maternity colony
Thebacha maternity,60.09,-112.25,7/20/2012,585,Yes,Myotis lucifugus maternity colony
Thebacha maternity,60.09,-112.25,7/21/2012,559,Yes,Myotis lucifugus maternity colony
Thebacha maternity,60.09,-112.25,7/22/2012,520,Yes,Myotis lucifugus maternity colony
Thebacha maternity,60.09,-112.25,7/23/2012,429,Yes,Myotis lucifugus maternity colony
Thebacha maternity,60.09,-112.25,7/24/2012,504,Yes,Myotis lucifugus maternity colony
Thebacha maternity,60.09,-112.25,7/25/2012,414,Yes,Myotis lucifugus maternity colony
Thebacha maternity,60.09,-112.25,7/26/2012,411,Yes,Myotis lucifugus maternity colony
Thebacha maternity,60.09,-112.25,7/27/2012,725,Yes,Myotis lucifugus maternity colony
Thebacha maternity,60.09,-112.25,7/28/2012,830,Yes,Myotis lucifugus maternity colony
Thebacha maternity,60.09,-112.25,7/29/2012,470,Yes,Myotis lucifugus maternity colony
Thebacha maternity,60.09,-112.25,7/30/2012,356,Yes,Myotis lucifugus maternity colony
Thebacha maternity,60.09,-112.25,7/31/2012,262,Yes,Myotis lucifugus maternity colony
Thebacha maternity,60.09,-112.25,8/1/2012,186,Yes,Myotis lucifugus maternity colony
Thebacha maternity,60.09,-112.25,8/2/2012,142,Yes,Myotis lucifugus maternity colony
Thebacha maternity,60.09,-112.25,8/3/2012,161,Yes,Myotis lucifugus maternity colony
Thebacha maternity,60.09,-112.25,8/4/2012,233,Yes,Myotis lucifugus maternity colony
Thebacha maternity,60.09,-112.25,8/5/2012,83,Yes,Myotis lucifugus maternity colony
Thebacha maternity,60.09,-112.25,8/6/2012,55,Yes,Myotis lucifugus maternity colony
Thebacha maternity,60.09,-112.25,8/7/2012,65,Yes,Myotis lucifugus maternity colony
Thebacha maternity,60.09,-112.25,8/8/2012,68,Yes,Myotis lucifugus maternity colony
Thebacha maternity,60.09,-112.25,8/9/2012,225,Yes,Myotis lucifugus maternity colony
Thebacha maternity,60.09,-112.25,8/10/2012,67,Yes,Myotis lucifugus maternity colony
Thebacha maternity,60.09,-112.25,8/11/2012,67,Yes,Myotis lucifugus maternity colony
Thebacha maternity,60.09,-112.25,8/12/2012,22,Yes,Myotis lucifugus maternity colony
Thebacha maternity,60.09,-112.25,8/13/2012,86,Yes,Myotis lucifugus maternity colony
Thebacha maternity,60.09,-112.25,8/14/2012,12,Yes,Myotis lucifugus maternity colony
Thebacha maternity,60.09,-112.25,8/15/2012,14,Yes,Myotis lucifugus maternity colony
Thebacha maternity,60.09,-112.25,8/16/2012,17,Yes,Myotis lucifugus maternity colony
Thebacha maternity,60.09,-112.25,8/17/2012,28,Yes,Myotis lucifugus maternity colony
Thebacha maternity,60.09,-112.25,8/18/2012,38,Yes,Myotis lucifugus maternity colony
Thebacha maternity,60.09,-112.25,8/19/2012,22,Yes,Myotis lucifugus maternity colony
Thebacha maternity,60.09,-112.25,8/20/2012,40,Yes,Myotis lucifugus maternity colony
Thebacha maternity,60.09,-112.25,8/21/2012,17,Yes,Myotis lucifugus maternity colony
Thebacha maternity,60.09,-112.25,8/22/2012,22,Yes,Myotis lucifugus maternity colony
Thebacha maternity,60.09,-112.25,8/23/2012,55,Yes,Myotis lucifugus maternity colony
Thebacha maternity,60.09,-112.25,8/24/2012,40,Yes,Myotis lucifugus maternity colony
Thebacha maternity,60.09,-112.25,8/25/2012,17,Yes,Myotis lucifugus maternity colony
Thebacha maternity,60.09,-112.25,8/26/2012,27,Yes,Myotis lucifugus maternity colony
Thebacha maternity,60.09,-112.25,8/27/2012,9,Yes,Myotis lucifugus maternity colony
Thebacha maternity,60.09,-112.25,8/28/2012,20,Yes,Myotis lucifugus maternity colony
Thebacha maternity,60.09,-112.25,8/29/2012,59,Yes,Myotis lucifugus maternity colony
Thebacha maternity,60.09,-112.25,8/30/2012,14,Yes,Myotis lucifugus maternity colony
Thebacha maternity,60.09,-112.25,8/31/2012,9,Yes,Myotis lucifugus maternity colony
Thebacha maternity,60.09,-112.25,9/1/2012,5,Yes,Myotis lucifugus maternity colony
Thebacha maternity,60.09,-112.25,9/2/2012,17,Yes,Myotis lucifugus maternity colony
Thebacha maternity,60.09,-112.25,9/3/2012,10,Yes,Myotis lucifugus maternity colony
Thebacha maternity,60.09,-112.25,9/4/2012,3,Yes,Myotis lucifugus maternity colony
Thebacha maternity,60.09,-112.25,9/5/2012,4,Yes,Myotis lucifugus maternity colony
Thebacha maternity,60.09,-112.25,9/6/2012,12,Yes,Myotis lucifugus maternity colony
Thebacha maternity,60.09,-112.25,9/7/2012,5,Yes,Myotis lucifugus maternity colony
Thebacha maternity,60.09,-112.25,9/8/2012,3,Yes,Myotis lucifugus maternity colony
Thebacha maternity,60.09,-112.25,9/9/2012,40,Yes,Myotis lucifugus maternity colony
Thebacha maternity,60.09,-112.25,9/10/2012,2,Yes,Myotis lucifugus maternity colony
Thebacha maternity,60.09,-112.25,9/11/2012,1,Yes,Myotis lucifugus maternity colony
Thebacha maternity,60.09,-112.25,9/12/2012,5,Yes,Myotis lucifugus maternity colony
Thebacha maternity,60.09,-112.25,9/13/2012,7,Yes,Myotis lucifugus maternity colony
Thebacha maternity,60.09,-112.25,9/14/2012,5,Yes,Myotis lucifugus maternity colony
Thebacha maternity,60.09,-112.25,9/15/2012,2,Yes,Myotis lucifugus maternity colony
Thebacha maternity,60.09,-112.25,9/16/2012,13,Yes,Myotis lucifugus maternity colony
Thebacha maternity,60.09,-112.25,9/17/2012,61,Yes,Myotis lucifugus maternity colony
Thebacha maternity,60.09,-112.25,9/18/2012,38,Yes,Myotis lucifugus maternity colony
Thebacha maternity,60.09,-112.25,9/19/2012,7,Yes,Myotis lucifugus maternity colony
Thebacha maternity,60.09,-112.25,9/20/2012,26,Yes,Myotis lucifugus maternity colony
Thebacha maternity,60.09,-112.25,9/21/2012,122,Yes,Myotis lucifugus maternity colony
Thebacha maternity,60.09,-112.25,9/22/2012,33,Yes,Myotis lucifugus maternity colony
Thebacha maternity,60.09,-112.25,9/23/2012,16,Yes,Myotis lucifugus maternity colony
Thebacha maternity,60.09,-112.25,9/24/2012,16,Yes,Myotis lucifugus maternity colony
Thebacha maternity,60.09,-112.25,9/25/2012,3,Yes,Myotis lucifugus maternity colony
Thebacha maternity,60.09,-112.25,9/26/2012,7,Yes,Myotis lucifugus maternity colony
Thebacha maternity,60.09,-112.25,9/27/2012,7,Yes,Myotis lucifugus maternity colony
Thebacha maternity,60.09,-112.25,9/28/2012,0,Yes,Myotis lucifugus maternity colony
Thebacha maternity,60.09,-112.25,9/29/2012,1,Yes,Myotis lucifugus maternity colony
Thebacha maternity,60.09,-112.25,9/30/2012,0,Yes,Myotis lucifugus maternity colony
Thebacha maternity,60.09,-112.25,10/1/2012,0,Yes,Myotis lucifugus maternity colony
Thebacha maternity,60.09,-112.25,10/2/2012,42,Yes,Myotis lucifugus maternity colony
Thebacha maternity,60.09,-112.25,10/3/2012,0,Yes,Myotis lucifugus maternity colony
Thebacha maternity,60.09,-112.25,10/4/2012,0,Yes,Myotis lucifugus maternity colony
Thebacha maternity,60.09,-112.25,10/5/2012,0,Yes,Myotis lucifugus maternity colony
Thebacha maternity,60.09,-112.25,10/6/2012,0,Yes,Myotis lucifugus maternity colony
Thebacha maternity,60.09,-112.25,10/7/2012,0,Yes,Myotis lucifugus maternity colony
Thebacha maternity,60.09,-112.25,10/8/2012,0,Yes,Myotis lucifugus maternity colony
Thebacha maternity,60.09,-112.25,10/9/2012,0,Yes,Myotis lucifugus maternity colony
Thebacha maternity,60.09,-112.25,10/10/2012,0,Yes,Myotis lucifugus maternity colony
Thebacha maternity,60.09,-112.25,10/11/2012,0,Yes,Myotis lucifugus maternity colony
Thebacha maternity,60.09,-112.25,10/12/2012,0,Yes,Myotis lucifugus maternity colony
Thebacha maternity,60.09,-112.25,10/13/2012,0,Yes,Myotis lucifugus maternity colony
Thebacha maternity,60.09,-112.25,10/14/2012,0,Yes,Myotis lucifugus maternity colony
Thebacha maternity,60.09,-112.25,10/15/2012,1,Yes,Myotis lucifugus maternity colony
Thebacha maternity,60.09,-112.25,10/16/2012,0,Yes,Myotis lucifugus maternity colony
Thebacha maternity,60.09,-112.25,10/17/2012,0,Yes,Myotis lucifugus maternity colony
Thebacha maternity,60.09,-112.25,10/18/2012,0,Yes,Myotis lucifugus maternity colony
Thebacha maternity,60.09,-112.25,10/19/2012,0,Yes,Myotis lucifugus maternity colony
Thebacha maternity,60.09,-112.25,10/20/2012,0,Yes,Myotis lucifugus maternity colony
Thebacha maternity,60.09,-112.25,10/21/2012,0,Yes,Myotis lucifugus maternity colony
Thebacha maternity,60.09,-112.25,10/22/2012,0,Yes,Myotis lucifugus maternity colony
Thebacha maternity,60.09,-112.25,10/23/2012,0,Yes,Myotis lucifugus maternity colony
Thebacha maternity,60.09,-112.25,10/24/2012,0,Yes,Myotis lucifugus maternity colony
Thebacha maternity,60.09,-112.25,10/25/2012,0,Yes,Myotis lucifugus maternity colony
Thebacha maternity,60.09,-112.25,10/26/2012,0,Yes,Myotis lucifugus maternity colony
Thebacha maternity,60.09,-112.25,10/27/2012,0,Yes,Myotis lucifugus maternity colony
Thebacha maternity,60.09,-112.25,10/28/2012,0,Yes,Myotis lucifugus maternity colony
Thebacha maternity,60.09,-112.25,10/29/2012,0,Yes,Myotis lucifugus maternity colony
Thebacha maternity,60.09,-112.25,10/30/2012,0,Yes,Myotis lucifugus maternity colony
Thebacha maternity,60.09,-112.25,10/31/2012,0,Yes,Myotis lucifugus maternity colony
Walk-in Cave,59.7,-112.2,4/1/2011,,No,Hibernaculum
Walk-in Cave,59.7,-112.2,4/2/2011,,No,Hibernaculum
Walk-in Cave,59.7,-112.2,4/3/2011,,No,Hibernaculum
Walk-in Cave,59.7,-112.2,4/4/2011,,No,Hibernaculum
Walk-in Cave,59.7,-112.2,4/5/2011,,No,Hibernaculum
Walk-in Cave,59.7,-112.2,4/6/2011,,No,Hibernaculum
Walk-in Cave,59.7,-112.2,4/7/2011,,No,Hibernaculum
Walk-in Cave,59.7,-112.2,4/8/2011,,No,Hibernaculum
Walk-in Cave,59.7,-112.2,4/9/2011,,No,Hibernaculum
Walk-in Cave,59.7,-112.2,4/10/2011,,No,Hibernaculum
Walk-in Cave,59.7,-112.2,4/11/2011,,No,Hibernaculum
Walk-in Cave,59.7,-112.2,4/12/2011,,No,Hibernaculum
Walk-in Cave,59.7,-112.2,4/13/2011,,No,Hibernaculum
Walk-in Cave,59.7,-112.2,4/14/2011,,No,Hibernaculum
Walk-in Cave,59.7,-112.2,4/15/2011,,No,Hibernaculum
Walk-in Cave,59.7,-112.2,4/16/2011,,No,Hibernaculum
Walk-in Cave,59.7,-112.2,4/17/2011,,No,Hibernaculum
Walk-in Cave,59.7,-112.2,4/18/2011,,No,Hibernaculum
Walk-in Cave,59.7,-112.2,4/19/2011,,No,Hibernaculum
Walk-in Cave,59.7,-112.2,4/20/2011,,No,Hibernaculum
Walk-in Cave,59.7,-112.2,4/21/2011,74,Yes,Hibernaculum
Walk-in Cave,59.7,-112.2,4/22/2011,173,Yes,Hibernaculum
Walk-in Cave,59.7,-112.2,4/23/2011,56,Yes,Hibernaculum
Walk-in Cave,59.7,-112.2,4/24/2011,124,Yes,Hibernaculum
Walk-in Cave,59.7,-112.2,4/25/2011,506,Yes,Hibernaculum
Walk-in Cave,59.7,-112.2,4/26/2011,361,Yes,Hibernaculum
Walk-in Cave,59.7,-112.2,4/27/2011,508,Yes,Hibernaculum
Walk-in Cave,59.7,-112.2,4/28/2011,413,Yes,Hibernaculum
Walk-in Cave,59.7,-112.2,4/29/2011,244,Yes,Hibernaculum
Walk-in Cave,59.7,-112.2,4/30/2011,498,Yes,Hibernaculum
Walk-in Cave,59.7,-112.2,5/1/2011,493,Yes,Hibernaculum
Walk-in Cave,59.7,-112.2,5/2/2011,380,Yes,Hibernaculum
Walk-in Cave,59.7,-112.2,5/3/2011,494,Yes,Hibernaculum
Walk-in Cave,59.7,-112.2,5/4/2011,413,Yes,Hibernaculum
Walk-in Cave,59.7,-112.2,5/5/2011,431,Yes,Hibernaculum
Walk-in Cave,59.7,-112.2,5/6/2011,162,Yes,Hibernaculum
Walk-in Cave,59.7,-112.2,5/7/2011,281,Yes,Hibernaculum
Walk-in Cave,59.7,-112.2,5/8/2011,297,Yes,Hibernaculum
Walk-in Cave,59.7,-112.2,5/9/2011,325,Yes,Hibernaculum
Walk-in Cave,59.7,-112.2,5/10/2011,,No,Hibernaculum
Walk-in Cave,59.7,-112.2,5/11/2011,,No,Hibernaculum
Walk-in Cave,59.7,-112.2,5/12/2011,,No,Hibernaculum
Walk-in Cave,59.7,-112.2,5/13/2011,,No,Hibernaculum
Walk-in Cave,59.7,-112.2,5/14/2011,,No,Hibernaculum
Walk-in Cave,59.7,-112.2,5/15/2011,,No,Hibernaculum
Walk-in Cave,59.7,-112.2,5/16/2011,,No,Hibernaculum
Walk-in Cave,59.7,-112.2,5/17/2011,,No,Hibernaculum
Walk-in Cave,59.7,-112.2,5/18/2011,,No,Hibernaculum
Walk-in Cave,59.7,-112.2,5/19/2011,,No,Hibernaculum
Walk-in Cave,59.7,-112.2,5/20/2011,,No,Hibernaculum
Walk-in Cave,59.7,-112.2,5/21/2011,,No,Hibernaculum
Walk-in Cave,59.7,-112.2,5/22/2011,,No,Hibernaculum
Walk-in Cave,59.7,-112.2,5/23/2011,,No,Hibernaculum
Walk-in Cave,59.7,-112.2,5/24/2011,,No,Hibernaculum
Walk-in Cave,59.7,-112.2,5/25/2011,,No,Hibernaculum
Walk-in Cave,59.7,-112.2,5/26/2011,,No,Hibernaculum
Walk-in Cave,59.7,-112.2,5/27/2011,,No,Hibernaculum
Walk-in Cave,59.7,-112.2,5/28/2011,,No,Hibernaculum
Walk-in Cave,59.7,-112.2,5/29/2011,,No,Hibernaculum
Walk-in Cave,59.7,-112.2,5/30/2011,,No,Hibernaculum
Walk-in Cave,59.7,-112.2,5/31/2011,,No,Hibernaculum
Walk-in Cave,59.7,-112.2,6/1/2011,,No,Hibernaculum
Walk-in Cave,59.7,-112.2,6/2/2011,,No,Hibernaculum
Walk-in Cave,59.7,-112.2,6/3/2011,,No,Hibernaculum
Walk-in Cave,59.7,-112.2,6/4/2011,,No,Hibernaculum
Walk-in Cave,59.7,-112.2,6/5/2011,,No,Hibernaculum
Walk-in Cave,59.7,-112.2,6/6/2011,,No,Hibernaculum
Walk-in Cave,59.7,-112.2,6/7/2011,,No,Hibernaculum
Walk-in Cave,59.7,-112.2,6/8/2011,,No,Hibernaculum
Walk-in Cave,59.7,-112.2,6/9/2011,,No,Hibernaculum
Walk-in Cave,59.7,-112.2,6/10/2011,,No,Hibernaculum
Walk-in Cave,59.7,-112.2,6/11/2011,124,Yes,Hibernaculum
Walk-in Cave,59.7,-112.2,6/12/2011,94,Yes,Hibernaculum
Walk-in Cave,59.7,-112.2,6/13/2011,74,Yes,Hibernaculum
Walk-in Cave,59.7,-112.2,6/14/2011,238,Yes,Hibernaculum
Walk-in Cave,59.7,-112.2,6/15/2011,156,Yes,Hibernaculum
Walk-in Cave,59.7,-112.2,6/16/2011,198,Yes,Hibernaculum
Walk-in Cave,59.7,-112.2,6/17/2011,56,Yes,Hibernaculum
Walk-in Cave,59.7,-112.2,6/18/2011,62,Yes,Hibernaculum
Walk-in Cave,59.7,-112.2,6/19/2011,252,Yes,Hibernaculum
Walk-in Cave,59.7,-112.2,6/20/2011,159,Yes,Hibernaculum
Walk-in Cave,59.7,-112.2,6/21/2011,285,Yes,Hibernaculum
Walk-in Cave,59.7,-112.2,6/22/2011,160,Yes,Hibernaculum
Walk-in Cave,59.7,-112.2,6/23/2011,48,Yes,Hibernaculum
Walk-in Cave,59.7,-112.2,6/24/2011,45,Yes,Hibernaculum
Walk-in Cave,59.7,-112.2,6/25/2011,38,Yes,Hibernaculum
Walk-in Cave,59.7,-112.2,6/26/2011,3,Yes,Hibernaculum
Walk-in Cave,59.7,-112.2,6/27/2011,8,Yes,Hibernaculum
Walk-in Cave,59.7,-112.2,6/28/2011,10,Yes,Hibernaculum
Walk-in Cave,59.7,-112.2,6/29/2011,19,Yes,Hibernaculum
Walk-in Cave,59.7,-112.2,6/30/2011,18,Yes,Hibernaculum
Walk-in Cave,59.7,-112.2,7/1/2011,11,Yes,Hibernaculum
Walk-in Cave,59.7,-112.2,7/2/2011,8,Yes,Hibernaculum
Walk-in Cave,59.7,-112.2,7/3/2011,161,Yes,Hibernaculum
Walk-in Cave,59.7,-112.2,7/4/2011,46,Yes,Hibernaculum
Walk-in Cave,59.7,-112.2,7/5/2011,89,Yes,Hibernaculum
Walk-in Cave,59.7,-112.2,7/6/2011,124,Yes,Hibernaculum
Walk-in Cave,59.7,-112.2,7/7/2011,78,Yes,Hibernaculum
Walk-in Cave,59.7,-112.2,7/8/2011,242,Yes,Hibernaculum
Walk-in Cave,59.7,-112.2,7/9/2011,95,Yes,Hibernaculum
Walk-in Cave,59.7,-112.2,7/10/2011,28,Yes,Hibernaculum
Walk-in Cave,59.7,-112.2,7/11/2011,615,Yes,Hibernaculum
Walk-in Cave,59.7,-112.2,7/12/2011,411,Yes,Hibernaculum
Walk-in Cave,59.7,-112.2,7/13/2011,422,Yes,Hibernaculum
Walk-in Cave,59.7,-112.2,7/14/2011,437,Yes,Hibernaculum
Walk-in Cave,59.7,-112.2,7/15/2011,307,Yes,Hibernaculum
Walk-in Cave,59.7,-112.2,7/16/2011,422,Yes,Hibernaculum
Walk-in Cave,59.7,-112.2,7/17/2011,460,Yes,Hibernaculum
Walk-in Cave,59.7,-112.2,7/18/2011,628,Yes,Hibernaculum
Walk-in Cave,59.7,-112.2,7/19/2011,567,Yes,Hibernaculum
Walk-in Cave,59.7,-112.2,7/20/2011,819,Yes,Hibernaculum
Walk-in Cave,59.7,-112.2,7/21/2011,639,Yes,Hibernaculum
Walk-in Cave,59.7,-112.2,7/22/2011,411,Yes,Hibernaculum
Walk-in Cave,59.7,-112.2,7/23/2011,553,Yes,Hibernaculum
Walk-in Cave,59.7,-112.2,7/24/2011,618,Yes,Hibernaculum
Walk-in Cave,59.7,-112.2,7/25/2011,666,Yes,Hibernaculum
Walk-in Cave,59.7,-112.2,7/26/2011,641,Yes,Hibernaculum
Walk-in Cave,59.7,-112.2,7/27/2011,90,Yes,Hibernaculum
Walk-in Cave,59.7,-112.2,7/28/2011,,No,Hibernaculum
Walk-in Cave,59.7,-112.2,7/29/2011,,No,Hibernaculum
Walk-in Cave,59.7,-112.2,7/30/2011,,No,Hibernaculum
Walk-in Cave,59.7,-112.2,7/31/2011,,No,Hibernaculum
Walk-in Cave,59.7,-112.2,8/1/2011,,No,Hibernaculum
Walk-in Cave,59.7,-112.2,8/2/2011,,No,Hibernaculum
Walk-in Cave,59.7,-112.2,8/3/2011,,No,Hibernaculum
Walk-in Cave,59.7,-112.2,8/4/2011,541,Yes,Hibernaculum
Walk-in Cave,59.7,-112.2,8/5/2011,589,Yes,Hibernaculum
Walk-in Cave,59.7,-112.2,8/6/2011,794,Yes,Hibernaculum
Walk-in Cave,59.7,-112.2,8/7/2011,794,Yes,Hibernaculum
Walk-in Cave,59.7,-112.2,8/8/2011,768,Yes,Hibernaculum
Walk-in Cave,59.7,-112.2,8/9/2011,415,Yes,Hibernaculum
Walk-in Cave,59.7,-112.2,8/10/2011,357,Yes,Hibernaculum
Walk-in Cave,59.7,-112.2,8/11/2011,293,Yes,Hibernaculum
Walk-in Cave,59.7,-112.2,8/12/2011,456,Yes,Hibernaculum
Walk-in Cave,59.7,-112.2,8/13/2011,190,Yes,Hibernaculum
Walk-in Cave,59.7,-112.2,8/14/2011,364,Yes,Hibernaculum
Walk-in Cave,59.7,-112.2,8/15/2011,370,Yes,Hibernaculum
Walk-in Cave,59.7,-112.2,8/16/2011,193,Yes,Hibernaculum
Walk-in Cave,59.7,-112.2,8/17/2011,72,Yes,Hibernaculum
Walk-in Cave,59.7,-112.2,8/18/2011,85,Yes,Hibernaculum
Walk-in Cave,59.7,-112.2,8/19/2011,38,Yes,Hibernaculum
Walk-in Cave,59.7,-112.2,8/20/2011,471,Yes,Hibernaculum
Walk-in Cave,59.7,-112.2,8/21/2011,773,Yes,Hibernaculum
Walk-in Cave,59.7,-112.2,8/22/2011,865,Yes,Hibernaculum
Walk-in Cave,59.7,-112.2,8/23/2011,652,Yes,Hibernaculum
Walk-in Cave,59.7,-112.2,8/24/2011,586,Yes,Hibernaculum
Walk-in Cave,59.7,-112.2,8/25/2011,111,Yes,Hibernaculum
Walk-in Cave,59.7,-112.2,8/26/2011,428,Yes,Hibernaculum
Walk-in Cave,59.7,-112.2,8/27/2011,391,Yes,Hibernaculum
Walk-in Cave,59.7,-112.2,8/28/2011,318,Yes,Hibernaculum
Walk-in Cave,59.7,-112.2,8/29/2011,72,Yes,Hibernaculum
Walk-in Cave,59.7,-112.2,8/30/2011,33,Yes,Hibernaculum
Walk-in Cave,59.7,-112.2,8/31/2011,9,Yes,Hibernaculum
Walk-in Cave,59.7,-112.2,9/1/2011,5,Yes,Hibernaculum
Walk-in Cave,59.7,-112.2,9/2/2011,3,Yes,Hibernaculum
Walk-in Cave,59.7,-112.2,9/3/2011,0,Yes,Hibernaculum
Walk-in Cave,59.7,-112.2,9/4/2011,0,Yes,Hibernaculum
Walk-in Cave,59.7,-112.2,9/5/2011,0,Yes,Hibernaculum
Walk-in Cave,59.7,-112.2,9/6/2011,1308,Yes,Hibernaculum
Walk-in Cave,59.7,-112.2,9/7/2011,922,Yes,Hibernaculum
Walk-in Cave,59.7,-112.2,9/8/2011,1276,Yes,Hibernaculum
Walk-in Cave,59.7,-112.2,9/9/2011,1336,Yes,Hibernaculum
Walk-in Cave,59.7,-112.2,9/10/2011,398,Yes,Hibernaculum
Walk-in Cave,59.7,-112.2,9/11/2011,194,Yes,Hibernaculum
Walk-in Cave,59.7,-112.2,9/12/2011,121,Yes,Hibernaculum
Walk-in Cave,59.7,-112.2,9/13/2011,42,Yes,Hibernaculum
Walk-in Cave,59.7,-112.2,9/14/2011,127,Yes,Hibernaculum
Walk-in Cave,59.7,-112.2,9/15/2011,302,Yes,Hibernaculum
Walk-in Cave,59.7,-112.2,9/16/2011,596,Yes,Hibernaculum
Walk-in Cave,59.7,-112.2,9/17/2011,407,Yes,Hibernaculum
Walk-in Cave,59.7,-112.2,9/18/2011,109,Yes,Hibernaculum
Walk-in Cave,59.7,-112.2,9/19/2011,84,Yes,Hibernaculum
Walk-in Cave,59.7,-112.2,9/20/2011,468,Yes,Hibernaculum
Walk-in Cave,59.7,-112.2,9/21/2011,645,Yes,Hibernaculum
Walk-in Cave,59.7,-112.2,9/22/2011,358,Yes,Hibernaculum
Walk-in Cave,59.7,-112.2,9/23/2011,,No,Hibernaculum
Walk-in Cave,59.7,-112.2,9/24/2011,,No,Hibernaculum
Walk-in Cave,59.7,-112.2,9/25/2011,,No,Hibernaculum
Walk-in Cave,59.7,-112.2,9/26/2011,,No,Hibernaculum
Walk-in Cave,59.7,-112.2,9/27/2011,,No,Hibernaculum
Walk-in Cave,59.7,-112.2,9/28/2011,,No,Hibernaculum
Walk-in Cave,59.7,-112.2,9/29/2011,,No,Hibernaculum
Walk-in Cave,59.7,-112.2,9/30/2011,,No,Hibernaculum
Walk-in Cave,59.7,-112.2,10/1/2011,,No,Hibernaculum
Walk-in Cave,59.7,-112.2,10/2/2011,,No,Hibernaculum
Walk-in Cave,59.7,-112.2,10/3/2011,,No,Hibernaculum
Walk-in Cave,59.7,-112.2,10/4/2011,,No,Hibernaculum
Walk-in Cave,59.7,-112.2,10/5/2011,,No,Hibernaculum
Walk-in Cave,59.7,-112.2,10/6/2011,,No,Hibernaculum
Walk-in Cave,59.7,-112.2,10/7/2011,,No,Hibernaculum
Walk-in Cave,59.7,-112.2,10/8/2011,,No,Hibernaculum
Walk-in Cave,59.7,-112.2,10/9/2011,,No,Hibernaculum
Walk-in Cave,59.7,-112.2,10/10/2011,,No,Hibernaculum
Walk-in Cave,59.7,-112.2,10/11/2011,,No,Hibernaculum
Walk-in Cave,59.7,-112.2,10/12/2011,,No,Hibernaculum
Walk-in Cave,59.7,-112.2,10/13/2011,,No,Hibernaculum
Walk-in Cave,59.7,-112.2,10/14/2011,,No,Hibernaculum
Walk-in Cave,59.7,-112.2,10/15/2011,,No,Hibernaculum
Walk-in Cave,59.7,-112.2,10/16/2011,,No,Hibernaculum
Walk-in Cave,59.7,-112.2,10/17/2011,,No,Hibernaculum
Walk-in Cave,59.7,-112.2,10/18/2011,,No,Hibernaculum
Walk-in Cave,59.7,-112.2,10/19/2011,,No,Hibernaculum
Walk-in Cave,59.7,-112.2,10/20/2011,,No,Hibernaculum
Walk-in Cave,59.7,-112.2,10/21/2011,,No,Hibernaculum
Walk-in Cave,59.7,-112.2,10/22/2011,,No,Hibernaculum
Walk-in Cave,59.7,-112.2,10/23/2011,,No,Hibernaculum
Walk-in Cave,59.7,-112.2,10/24/2011,,No,Hibernaculum
Walk-in Cave,59.7,-112.2,10/25/2011,,No,Hibernaculum
Walk-in Cave,59.7,-112.2,10/26/2011,,No,Hibernaculum
Walk-in Cave,59.7,-112.2,10/27/2011,,No,Hibernaculum
Walk-in Cave,59.7,-112.2,10/28/2011,,No,Hibernaculum
Walk-in Cave,59.7,-112.2,10/29/2011,,No,Hibernaculum
Walk-in Cave,59.7,-112.2,10/30/2011,,No,Hibernaculum
Walk-in Cave,59.7,-112.2,10/31/2011,,No,Hibernaculum
Walk-in Cave,59.7,-112.2,3/21/2012,,No,Hibernaculum
Walk-in Cave,59.7,-112.2,3/22/2012,,No,Hibernaculum
Walk-in Cave,59.7,-112.2,3/23/2012,,No,Hibernaculum
Walk-in Cave,59.7,-112.2,3/24/2012,,No,Hibernaculum
Walk-in Cave,59.7,-112.2,3/25/2012,,No,Hibernaculum
Walk-in Cave,59.7,-112.2,3/26/2012,,No,Hibernaculum
Walk-in Cave,59.7,-112.2,3/27/2012,,No,Hibernaculum
Walk-in Cave,59.7,-112.2,3/28/2012,,No,Hibernaculum
Walk-in Cave,59.7,-112.2,3/29/2012,,No,Hibernaculum
Walk-in Cave,59.7,-112.2,3/30/2012,,No,Hibernaculum
Walk-in Cave,59.7,-112.2,3/31/2012,,No,Hibernaculum
Walk-in Cave,59.7,-112.2,4/1/2012,,No,Hibernaculum
Walk-in Cave,59.7,-112.2,4/2/2012,,No,Hibernaculum
Walk-in Cave,59.7,-112.2,4/3/2012,,No,Hibernaculum
Walk-in Cave,59.7,-112.2,4/4/2012,,No,Hibernaculum
Walk-in Cave,59.7,-112.2,4/5/2012,,No,Hibernaculum
Walk-in Cave,59.7,-112.2,4/6/2012,,No,Hibernaculum
Walk-in Cave,59.7,-112.2,4/7/2012,,No,Hibernaculum
Walk-in Cave,59.7,-112.2,4/8/2012,,No,Hibernaculum
Walk-in Cave,59.7,-112.2,4/9/2012,,No,Hibernaculum
Walk-in Cave,59.7,-112.2,4/10/2012,,No,Hibernaculum
Walk-in Cave,59.7,-112.2,4/11/2012,,No,Hibernaculum
Walk-in Cave,59.7,-112.2,4/12/2012,,No,Hibernaculum
Walk-in Cave,59.7,-112.2,4/13/2012,,No,Hibernaculum
Walk-in Cave,59.7,-112.2,4/14/2012,,No,Hibernaculum
Walk-in Cave,59.7,-112.2,4/15/2012,,No,Hibernaculum
Walk-in Cave,59.7,-112.2,4/16/2012,,No,Hibernaculum
Walk-in Cave,59.7,-112.2,4/17/2012,,No,Hibernaculum
Walk-in Cave,59.7,-112.2,4/18/2012,,No,Hibernaculum
Walk-in Cave,59.7,-112.2,4/19/2012,,No,Hibernaculum
Walk-in Cave,59.7,-112.2,4/20/2012,153,Yes,Hibernaculum
Walk-in Cave,59.7,-112.2,4/21/2012,121,Yes,Hibernaculum
Walk-in Cave,59.7,-112.2,4/22/2012,206,Yes,Hibernaculum
Walk-in Cave,59.7,-112.2,4/23/2012,105,Yes,Hibernaculum
Walk-in Cave,59.7,-112.2,4/24/2012,99,Yes,Hibernaculum
Walk-in Cave,59.7,-112.2,4/25/2012,129,Yes,Hibernaculum
Walk-in Cave,59.7,-112.2,4/26/2012,185,Yes,Hibernaculum
Walk-in Cave,59.7,-112.2,4/27/2012,196,Yes,Hibernaculum
Walk-in Cave,59.7,-112.2,4/28/2012,300,Yes,Hibernaculum
Walk-in Cave,59.7,-112.2,4/29/2012,145,Yes,Hibernaculum
Walk-in Cave,59.7,-112.2,4/30/2012,259,Yes,Hibernaculum
Walk-in Cave,59.7,-112.2,5/1/2012,228,Yes,Hibernaculum
Walk-in Cave,59.7,-112.2,5/2/2012,250,Yes,Hibernaculum
Walk-in Cave,59.7,-112.2,5/3/2012,214,Yes,Hibernaculum
Walk-in Cave,59.7,-112.2,5/4/2012,329,Yes,Hibernaculum
Walk-in Cave,59.7,-112.2,5/5/2012,218,Yes,Hibernaculum
Walk-in Cave,59.7,-112.2,5/6/2012,134,Yes,Hibernaculum
Walk-in Cave,59.7,-112.2,5/7/2012,153,Yes,Hibernaculum
Walk-in Cave,59.7,-112.2,5/8/2012,171,Yes,Hibernaculum
Walk-in Cave,59.7,-112.2,5/9/2012,217,Yes,Hibernaculum
Walk-in Cave,59.7,-112.2,5/10/2012,142,Yes,Hibernaculum
Walk-in Cave,59.7,-112.2,5/11/2012,109,Yes,Hibernaculum
Walk-in Cave,59.7,-112.2,5/12/2012,148,Yes,Hibernaculum
Walk-in Cave,59.7,-112.2,5/13/2012,145,Yes,Hibernaculum
Walk-in Cave,59.7,-112.2,5/14/2012,100,Yes,Hibernaculum
Walk-in Cave,59.7,-112.2,5/15/2012,163,Yes,Hibernaculum
Walk-in Cave,59.7,-112.2,5/16/2012,171,Yes,Hibernaculum
Walk-in Cave,59.7,-112.2,5/17/2012,120,Yes,Hibernaculum
Walk-in Cave,59.7,-112.2,5/18/2012,121,Yes,Hibernaculum
Walk-in Cave,59.7,-112.2,5/19/2012,91,Yes,Hibernaculum
Walk-in Cave,59.7,-112.2,5/20/2012,75,Yes,Hibernaculum
Walk-in Cave,59.7,-112.2,5/21/2012,100,Yes,Hibernaculum
Walk-in Cave,59.7,-112.2,5/22/2012,,No,Hibernaculum
Walk-in Cave,59.7,-112.2,5/23/2012,,No,Hibernaculum
Walk-in Cave,59.7,-112.2,5/24/2012,,No,Hibernaculum
Walk-in Cave,59.7,-112.2,5/25/2012,,No,Hibernaculum
Walk-in Cave,59.7,-112.2,5/26/2012,,No,Hibernaculum
Walk-in Cave,59.7,-112.2,5/27/2012,,No,Hibernaculum
Walk-in Cave,59.7,-112.2,5/28/2012,,No,Hibernaculum
Walk-in Cave,59.7,-112.2,5/29/2012,,No,Hibernaculum
Walk-in Cave,59.7,-112.2,5/30/2012,,No,Hibernaculum
Walk-in Cave,59.7,-112.2,5/31/2012,,No,Hibernaculum
Walk-in Cave,59.7,-112.2,6/1/2012,,No,Hibernaculum
Walk-in Cave,59.7,-112.2,6/2/2012,,No,Hibernaculum
Walk-in Cave,59.7,-112.2,6/3/2012,,No,Hibernaculum
Walk-in Cave,59.7,-112.2,6/4/2012,59,Yes,Hibernaculum
Walk-in Cave,59.7,-112.2,6/5/2012,90,Yes,Hibernaculum
Walk-in Cave,59.7,-112.2,6/6/2012,145,Yes,Hibernaculum
Walk-in Cave,59.7,-112.2,6/7/2012,122,Yes,Hibernaculum
Walk-in Cave,59.7,-112.2,6/8/2012,107,Yes,Hibernaculum
Walk-in Cave,59.7,-112.2,6/9/2012,30,Yes,Hibernaculum
Walk-in Cave,59.7,-112.2,6/10/2012,28,Yes,Hibernaculum
Walk-in Cave,59.7,-112.2,6/11/2012,44,Yes,Hibernaculum
Walk-in Cave,59.7,-112.2,6/12/2012,40,Yes,Hibernaculum
Walk-in Cave,59.7,-112.2,6/13/2012,43,Yes,Hibernaculum
Walk-in Cave,59.7,-112.2,6/14/2012,29,Yes,Hibernaculum
Walk-in Cave,59.7,-112.2,6/15/2012,8,Yes,Hibernaculum
Walk-in Cave,59.7,-112.2,6/16/2012,21,Yes,Hibernaculum
Walk-in Cave,59.7,-112.2,6/17/2012,14,Yes,Hibernaculum
Walk-in Cave,59.7,-112.2,6/18/2012,19,Yes,Hibernaculum
Walk-in Cave,59.7,-112.2,6/19/2012,5,Yes,Hibernaculum
Walk-in Cave,59.7,-112.2,6/20/2012,9,Yes,Hibernaculum
Walk-in Cave,59.7,-112.2,6/21/2012,36,Yes,Hibernaculum
Walk-in Cave,59.7,-112.2,6/22/2012,17,Yes,Hibernaculum
Walk-in Cave,59.7,-112.2,6/23/2012,27,Yes,Hibernaculum
Walk-in Cave,59.7,-112.2,6/24/2012,39,Yes,Hibernaculum
Walk-in Cave,59.7,-112.2,6/25/2012,4,Yes,Hibernaculum
Walk-in Cave,59.7,-112.2,6/26/2012,2,Yes,Hibernaculum
Walk-in Cave,59.7,-112.2,6/27/2012,36,Yes,Hibernaculum
Walk-in Cave,59.7,-112.2,6/28/2012,14,Yes,Hibernaculum
Walk-in Cave,59.7,-112.2,6/29/2012,77,Yes,Hibernaculum
Walk-in Cave,59.7,-112.2,6/30/2012,47,Yes,Hibernaculum
Walk-in Cave,59.7,-112.2,7/1/2012,14,Yes,Hibernaculum
Walk-in Cave,59.7,-112.2,7/2/2012,27,Yes,Hibernaculum
Walk-in Cave,59.7,-112.2,7/3/2012,91,Yes,Hibernaculum
Walk-in Cave,59.7,-112.2,7/4/2012,29,Yes,Hibernaculum
Walk-in Cave,59.7,-112.2,7/5/2012,51,Yes,Hibernaculum
Walk-in Cave,59.7,-112.2,7/6/2012,99,Yes,Hibernaculum
Walk-in Cave,59.7,-112.2,7/7/2012,217,Yes,Hibernaculum
Walk-in Cave,59.7,-112.2,7/8/2012,378,Yes,Hibernaculum
Walk-in Cave,59.7,-112.2,7/9/2012,587,Yes,Hibernaculum
Walk-in Cave,59.7,-112.2,7/10/2012,398,Yes,Hibernaculum
Walk-in Cave,59.7,-112.2,7/11/2012,343,Yes,Hibernaculum
Walk-in Cave,59.7,-112.2,7/12/2012,109,Yes,Hibernaculum
Walk-in Cave,59.7,-112.2,7/13/2012,219,Yes,Hibernaculum
Walk-in Cave,59.7,-112.2,7/14/2012,298,Yes,Hibernaculum
Walk-in Cave,59.7,-112.2,7/15/2012,473,Yes,Hibernaculum
Walk-in Cave,59.7,-112.2,7/16/2012,725,Yes,Hibernaculum
Walk-in Cave,59.7,-112.2,7/17/2012,773,Yes,Hibernaculum
Walk-in Cave,59.7,-112.2,7/18/2012,606,Yes,Hibernaculum
Walk-in Cave,59.7,-112.2,7/19/2012,260,Yes,Hibernaculum
Walk-in Cave,59.7,-112.2,7/20/2012,599,Yes,Hibernaculum
Walk-in Cave,59.7,-112.2,7/21/2012,722,Yes,Hibernaculum
Walk-in Cave,59.7,-112.2,7/22/2012,723,Yes,Hibernaculum
Walk-in Cave,59.7,-112.2,7/23/2012,817,Yes,Hibernaculum
Walk-in Cave,59.7,-112.2,7/24/2012,899,Yes,Hibernaculum
Walk-in Cave,59.7,-112.2,7/25/2012,677,Yes,Hibernaculum
Walk-in Cave,59.7,-112.2,7/26/2012,510,Yes,Hibernaculum
Walk-in Cave,59.7,-112.2,7/27/2012,495,Yes,Hibernaculum
Walk-in Cave,59.7,-112.2,7/28/2012,825,Yes,Hibernaculum
Walk-in Cave,59.7,-112.2,7/29/2012,658,Yes,Hibernaculum
Walk-in Cave,59.7,-112.2,7/30/2012,570,Yes,Hibernaculum
Walk-in Cave,59.7,-112.2,7/31/2012,240,Yes,Hibernaculum
Walk-in Cave,59.7,-112.2,8/1/2012,221,Yes,Hibernaculum
Walk-in Cave,59.7,-112.2,8/2/2012,344,Yes,Hibernaculum
Walk-in Cave,59.7,-112.2,8/3/2012,458,Yes,Hibernaculum
Walk-in Cave,59.7,-112.2,8/4/2012,227,Yes,Hibernaculum
Walk-in Cave,59.7,-112.2,8/5/2012,0,Yes,Hibernaculum
Walk-in Cave,59.7,-112.2,8/6/2012,0,Yes,Hibernaculum
Walk-in Cave,59.7,-112.2,8/7/2012,0,Yes,Hibernaculum
Walk-in Cave,59.7,-112.2,8/8/2012,0,Yes,Hibernaculum
Walk-in Cave,59.7,-112.2,8/9/2012,0,Yes,Hibernaculum
Walk-in Cave,59.7,-112.2,8/10/2012,0,Yes,Hibernaculum
Walk-in Cave,59.7,-112.2,8/11/2012,0,Yes,Hibernaculum
Walk-in Cave,59.7,-112.2,8/12/2012,0,Yes,Hibernaculum
Walk-in Cave,59.7,-112.2,8/13/2012,51,Yes,Hibernaculum
Walk-in Cave,59.7,-112.2,8/14/2012,31,Yes,Hibernaculum
Walk-in Cave,59.7,-112.2,8/15/2012,86,Yes,Hibernaculum
Walk-in Cave,59.7,-112.2,8/16/2012,281,Yes,Hibernaculum
Walk-in Cave,59.7,-112.2,8/17/2012,648,Yes,Hibernaculum
Walk-in Cave,59.7,-112.2,8/18/2012,1020,Yes,Hibernaculum
Walk-in Cave,59.7,-112.2,8/19/2012,776,Yes,Hibernaculum
Walk-in Cave,59.7,-112.2,8/20/2012,847,Yes,Hibernaculum
Walk-in Cave,59.7,-112.2,8/21/2012,879,Yes,Hibernaculum
Walk-in Cave,59.7,-112.2,8/22/2012,743,Yes,Hibernaculum
Walk-in Cave,59.7,-112.2,8/23/2012,315,Yes,Hibernaculum
Walk-in Cave,59.7,-112.2,8/24/2012,162,Yes,Hibernaculum
Walk-in Cave,59.7,-112.2,8/25/2012,290,Yes,Hibernaculum
Walk-in Cave,59.7,-112.2,8/26/2012,790,Yes,Hibernaculum
Walk-in Cave,59.7,-112.2,8/27/2012,751,Yes,Hibernaculum
Walk-in Cave,59.7,-112.2,8/28/2012,560,Yes,Hibernaculum
Walk-in Cave,59.7,-112.2,8/29/2012,342,Yes,Hibernaculum
Walk-in Cave,59.7,-112.2,8/30/2012,57,Yes,Hibernaculum
Walk-in Cave,59.7,-112.2,8/31/2012,122,Yes,Hibernaculum
Walk-in Cave,59.7,-112.2,9/1/2012,417,Yes,Hibernaculum
Walk-in Cave,59.7,-112.2,9/2/2012,125,Yes,Hibernaculum
Walk-in Cave,59.7,-112.2,9/3/2012,159,Yes,Hibernaculum
Walk-in Cave,59.7,-112.2,9/4/2012,452,Yes,Hibernaculum
Walk-in Cave,59.7,-112.2,9/5/2012,229,Yes,Hibernaculum
Walk-in Cave,59.7,-112.2,9/6/2012,578,Yes,Hibernaculum
Walk-in Cave,59.7,-112.2,9/7/2012,355,Yes,Hibernaculum
Walk-in Cave,59.7,-112.2,9/8/2012,430,Yes,Hibernaculum
Walk-in Cave,59.7,-112.2,9/9/2012,532,Yes,Hibernaculum
Walk-in Cave,59.7,-112.2,9/10/2012,16,Yes,Hibernaculum
Walk-in Cave,59.7,-112.2,9/11/2012,14,Yes,Hibernaculum
Walk-in Cave,59.7,-112.2,9/12/2012,60,Yes,Hibernaculum
Walk-in Cave,59.7,-112.2,9/13/2012,113,Yes,Hibernaculum
Walk-in Cave,59.7,-112.2,9/14/2012,57,Yes,Hibernaculum
Walk-in Cave,59.7,-112.2,9/15/2012,52,Yes,Hibernaculum
Walk-in Cave,59.7,-112.2,9/16/2012,73,Yes,Hibernaculum
Walk-in Cave,59.7,-112.2,9/17/2012,115,Yes,Hibernaculum
Walk-in Cave,59.7,-112.2,9/18/2012,116,Yes,Hibernaculum
Walk-in Cave,59.7,-112.2,9/19/2012,93,Yes,Hibernaculum
Walk-in Cave,59.7,-112.2,9/20/2012,97,Yes,Hibernaculum
Walk-in Cave,59.7,-112.2,9/21/2012,236,Yes,Hibernaculum
Walk-in Cave,59.7,-112.2,9/22/2012,160,Yes,Hibernaculum
Walk-in Cave,59.7,-112.2,9/23/2012,156,Yes,Hibernaculum
Walk-in Cave,59.7,-112.2,9/24/2012,260,Yes,Hibernaculum
Walk-in Cave,59.7,-112.2,9/25/2012,140,Yes,Hibernaculum
Walk-in Cave,59.7,-112.2,9/26/2012,89,Yes,Hibernaculum
Walk-in Cave,59.7,-112.2,9/27/2012,108,Yes,Hibernaculum
Walk-in Cave,59.7,-112.2,9/28/2012,15,Yes,Hibernaculum
Walk-in Cave,59.7,-112.2,9/29/2012,0,Yes,Hibernaculum
Walk-in Cave,59.7,-112.2,9/30/2012,0,Yes,Hibernaculum
Walk-in Cave,59.7,-112.2,10/1/2012,0,Yes,Hibernaculum
Walk-in Cave,59.7,-112.2,10/2/2012,0,Yes,Hibernaculum
Walk-in Cave,59.7,-112.2,10/3/2012,0,Yes,Hibernaculum
Walk-in Cave,59.7,-112.2,10/4/2012,,No,Hibernaculum
Walk-in Cave,59.7,-112.2,10/5/2012,,No,Hibernaculum
Walk-in Cave,59.7,-112.2,10/6/2012,,No,Hibernaculum
Walk-in Cave,59.7,-112.2,10/7/2012,,No,Hibernaculum
Walk-in Cave,59.7,-112.2,10/8/2012,,No,Hibernaculum
Walk-in Cave,59.7,-112.2,10/9/2012,,No,Hibernaculum
Walk-in Cave,59.7,-112.2,10/10/2012,,No,Hibernaculum
Walk-in Cave,59.7,-112.2,10/11/2012,,No,Hibernaculum
Walk-in Cave,59.7,-112.2,10/12/2012,,No,Hibernaculum
Walk-in Cave,59.7,-112.2,10/13/2012,,No,Hibernaculum
Walk-in Cave,59.7,-112.2,10/14/2012,,No,Hibernaculum
Walk-in Cave,59.7,-112.2,10/15/2012,,No,Hibernaculum
Walk-in Cave,59.7,-112.2,10/16/2012,44,Yes,Hibernaculum
Walk-in Cave,59.7,-112.2,10/17/2012,65,Yes,Hibernaculum
Walk-in Cave,59.7,-112.2,10/18/2012,32,Yes,Hibernaculum
Walk-in Cave,59.7,-112.2,10/19/2012,47,Yes,Hibernaculum
Walk-in Cave,59.7,-112.2,10/20/2012,33,Yes,Hibernaculum
Walk-in Cave,59.7,-112.2,10/21/2012,4,Yes,Hibernaculum
Walk-in Cave,59.7,-112.2,10/22/2012,0,Yes,Hibernaculum
Walk-in Cave,59.7,-112.2,10/23/2012,0,Yes,Hibernaculum
Walk-in Cave,59.7,-112.2,10/24/2012,0,Yes,Hibernaculum
Walk-in Cave,59.7,-112.2,10/25/2012,0,Yes,Hibernaculum
Walk-in Cave,59.7,-112.2,10/26/2012,0,Yes,Hibernaculum
Walk-in Cave,59.7,-112.2,10/27/2012,,No,Hibernaculum
Walk-in Cave,59.7,-112.2,10/28/2012,,No,Hibernaculum
Walk-in Cave,59.7,-112.2,10/29/2012,,No,Hibernaculum
Walk-in Cave,59.7,-112.2,10/30/2012,,No,Hibernaculum
Walk-in Cave,59.7,-112.2,10/31/2012,,No,Hibernaculum
WBBP,59.74,-112.22,4/1/2011,,No,Foraging site
WBBP,59.74,-112.22,4/2/2011,,No,Foraging site
WBBP,59.74,-112.22,4/3/2011,,No,Foraging site
WBBP,59.74,-112.22,4/4/2011,,No,Foraging site
WBBP,59.74,-112.22,4/5/2011,,No,Foraging site
WBBP,59.74,-112.22,4/6/2011,,No,Foraging site
WBBP,59.74,-112.22,4/7/2011,,No,Foraging site
WBBP,59.74,-112.22,4/8/2011,,No,Foraging site
WBBP,59.74,-112.22,4/9/2011,,No,Foraging site
WBBP,59.74,-112.22,4/10/2011,,No,Foraging site
WBBP,59.74,-112.22,4/11/2011,,No,Foraging site
WBBP,59.74,-112.22,4/12/2011,,No,Foraging site
WBBP,59.74,-112.22,4/13/2011,,No,Foraging site
WBBP,59.74,-112.22,4/14/2011,,No,Foraging site
WBBP,59.74,-112.22,4/15/2011,,No,Foraging site
WBBP,59.74,-112.22,4/16/2011,,No,Foraging site
WBBP,59.74,-112.22,4/17/2011,,No,Foraging site
WBBP,59.74,-112.22,4/18/2011,,No,Foraging site
WBBP,59.74,-112.22,4/19/2011,,No,Foraging site
WBBP,59.74,-112.22,4/20/2011,,No,Foraging site
WBBP,59.74,-112.22,4/21/2011,,No,Foraging site
WBBP,59.74,-112.22,4/22/2011,,No,Foraging site
WBBP,59.74,-112.22,4/23/2011,,No,Foraging site
WBBP,59.74,-112.22,4/24/2011,,No,Foraging site
WBBP,59.74,-112.22,4/25/2011,,No,Foraging site
WBBP,59.74,-112.22,4/26/2011,,No,Foraging site
WBBP,59.74,-112.22,4/27/2011,,No,Foraging site
WBBP,59.74,-112.22,4/28/2011,,No,Foraging site
WBBP,59.74,-112.22,4/29/2011,,No,Foraging site
WBBP,59.74,-112.22,4/30/2011,,No,Foraging site
WBBP,59.74,-112.22,5/1/2011,,No,Foraging site
WBBP,59.74,-112.22,5/2/2011,,No,Foraging site
WBBP,59.74,-112.22,5/3/2011,,No,Foraging site
WBBP,59.74,-112.22,5/4/2011,,No,Foraging site
WBBP,59.74,-112.22,5/5/2011,,No,Foraging site
WBBP,59.74,-112.22,5/6/2011,,No,Foraging site
WBBP,59.74,-112.22,5/7/2011,,No,Foraging site
WBBP,59.74,-112.22,5/8/2011,,No,Foraging site
WBBP,59.74,-112.22,5/9/2011,,No,Foraging site
WBBP,59.74,-112.22,5/10/2011,,No,Foraging site
WBBP,59.74,-112.22,5/11/2011,,No,Foraging site
WBBP,59.74,-112.22,5/12/2011,,No,Foraging site
WBBP,59.74,-112.22,5/13/2011,,No,Foraging site
WBBP,59.74,-112.22,5/14/2011,,No,Foraging site
WBBP,59.74,-112.22,5/15/2011,,No,Foraging site
WBBP,59.74,-112.22,5/16/2011,226,Yes,Foraging site
WBBP,59.74,-112.22,5/17/2011,347,Yes,Foraging site
WBBP,59.74,-112.22,5/18/2011,203,Yes,Foraging site
WBBP,59.74,-112.22,5/19/2011,168,Yes,Foraging site
WBBP,59.74,-112.22,5/20/2011,163,Yes,Foraging site
WBBP,59.74,-112.22,5/21/2011,67,Yes,Foraging site
WBBP,59.74,-112.22,5/22/2011,12,Yes,Foraging site
WBBP,59.74,-112.22,5/23/2011,33,Yes,Foraging site
WBBP,59.74,-112.22,5/24/2011,20,Yes,Foraging site
WBBP,59.74,-112.22,5/25/2011,55,Yes,Foraging site
WBBP,59.74,-112.22,5/26/2011,52,Yes,Foraging site
WBBP,59.74,-112.22,5/27/2011,81,Yes,Foraging site
WBBP,59.74,-112.22,5/28/2011,43,Yes,Foraging site
WBBP,59.74,-112.22,5/29/2011,45,Yes,Foraging site
WBBP,59.74,-112.22,5/30/2011,144,Yes,Foraging site
WBBP,59.74,-112.22,5/31/2011,425,Yes,Foraging site
WBBP,59.74,-112.22,6/1/2011,383,Yes,Foraging site
WBBP,59.74,-112.22,6/2/2011,2,Yes,Foraging site
WBBP,59.74,-112.22,6/3/2011,8,Yes,Foraging site
WBBP,59.74,-112.22,6/4/2011,11,Yes,Foraging site
WBBP,59.74,-112.22,6/5/2011,19,Yes,Foraging site
WBBP,59.74,-112.22,6/6/2011,0,Yes,Foraging site
WBBP,59.74,-112.22,6/7/2011,,No,Foraging site
WBBP,59.74,-112.22,6/8/2011,,No,Foraging site
WBBP,59.74,-112.22,6/9/2011,323,Yes,Foraging site
WBBP,59.74,-112.22,6/10/2011,225,Yes,Foraging site
WBBP,59.74,-112.22,6/11/2011,81,Yes,Foraging site
WBBP,59.74,-112.22,6/12/2011,143,Yes,Foraging site
WBBP,59.74,-112.22,6/13/2011,138,Yes,Foraging site
WBBP,59.74,-112.22,6/14/2011,136,Yes,Foraging site
WBBP,59.74,-112.22,6/15/2011,192,Yes,Foraging site
WBBP,59.74,-112.22,6/16/2011,0,Yes,Foraging site
WBBP,59.74,-112.22,6/17/2011,0,Yes,Foraging site
WBBP,59.74,-112.22,6/18/2011,0,Yes,Foraging site
WBBP,59.74,-112.22,6/19/2011,0,Yes,Foraging site
WBBP,59.74,-112.22,6/20/2011,145,Yes,Foraging site
WBBP,59.74,-112.22,6/21/2011,122,Yes,Foraging site
WBBP,59.74,-112.22,6/22/2011,43,Yes,Foraging site
WBBP,59.74,-112.22,6/23/2011,59,Yes,Foraging site
WBBP,59.74,-112.22,6/24/2011,71,Yes,Foraging site
WBBP,59.74,-112.22,6/25/2011,45,Yes,Foraging site
WBBP,59.74,-112.22,6/26/2011,24,Yes,Foraging site
WBBP,59.74,-112.22,6/27/2011,45,Yes,Foraging site
WBBP,59.74,-112.22,6/28/2011,74,Yes,Foraging site
WBBP,59.74,-112.22,6/29/2011,39,Yes,Foraging site
WBBP,59.74,-112.22,6/30/2011,10,Yes,Foraging site
WBBP,59.74,-112.22,7/1/2011,11,Yes,Foraging site
WBBP,59.74,-112.22,7/2/2011,15,Yes,Foraging site
WBBP,59.74,-112.22,7/3/2011,34,Yes,Foraging site
WBBP,59.74,-112.22,7/4/2011,57,Yes,Foraging site
WBBP,59.74,-112.22,7/5/2011,21,Yes,Foraging site
WBBP,59.74,-112.22,7/6/2011,42,Yes,Foraging site
WBBP,59.74,-112.22,7/7/2011,32,Yes,Foraging site
WBBP,59.74,-112.22,7/8/2011,57,Yes,Foraging site
WBBP,59.74,-112.22,7/9/2011,67,Yes,Foraging site
WBBP,59.74,-112.22,7/10/2011,93,Yes,Foraging site
WBBP,59.74,-112.22,7/11/2011,147,Yes,Foraging site
WBBP,59.74,-112.22,7/12/2011,152,Yes,Foraging site
WBBP,59.74,-112.22,7/13/2011,149,Yes,Foraging site
WBBP,59.74,-112.22,7/14/2011,111,Yes,Foraging site
WBBP,59.74,-112.22,7/15/2011,70,Yes,Foraging site
WBBP,59.74,-112.22,7/16/2011,54,Yes,Foraging site
WBBP,59.74,-112.22,7/17/2011,102,Yes,Foraging site
WBBP,59.74,-112.22,7/18/2011,124,Yes,Foraging site
WBBP,59.74,-112.22,7/19/2011,181,Yes,Foraging site
WBBP,59.74,-112.22,7/20/2011,122,Yes,Foraging site
WBBP,59.74,-112.22,7/21/2011,93,Yes,Foraging site
WBBP,59.74,-112.22,7/22/2011,184,Yes,Foraging site
WBBP,59.74,-112.22,7/23/2011,203,Yes,Foraging site
WBBP,59.74,-112.22,7/24/2011,243,Yes,Foraging site
WBBP,59.74,-112.22,7/25/2011,314,Yes,Foraging site
WBBP,59.74,-112.22,7/26/2011,275,Yes,Foraging site
WBBP,59.74,-112.22,7/27/2011,181,Yes,Foraging site
WBBP,59.74,-112.22,7/28/2011,154,Yes,Foraging site
WBBP,59.74,-112.22,7/29/2011,137,Yes,Foraging site
WBBP,59.74,-112.22,7/30/2011,172,Yes,Foraging site
WBBP,59.74,-112.22,7/31/2011,162,Yes,Foraging site
WBBP,59.74,-112.22,8/1/2011,154,Yes,Foraging site
WBBP,59.74,-112.22,8/2/2011,179,Yes,Foraging site
WBBP,59.74,-112.22,8/3/2011,127,Yes,Foraging site
WBBP,59.74,-112.22,8/4/2011,397,Yes,Foraging site
WBBP,59.74,-112.22,8/5/2011,560,Yes,Foraging site
WBBP,59.74,-112.22,8/6/2011,573,Yes,Foraging site
WBBP,59.74,-112.22,8/7/2011,664,Yes,Foraging site
WBBP,59.74,-112.22,8/8/2011,744,Yes,Foraging site
WBBP,59.74,-112.22,8/9/2011,448,Yes,Foraging site
WBBP,59.74,-112.22,8/10/2011,0,Yes,Foraging site
WBBP,59.74,-112.22,8/11/2011,121,Yes,Foraging site
WBBP,59.74,-112.22,8/12/2011,0,Yes,Foraging site
WBBP,59.74,-112.22,8/13/2011,0,Yes,Foraging site
WBBP,59.74,-112.22,8/14/2011,0,Yes,Foraging site
WBBP,59.74,-112.22,8/15/2011,0,Yes,Foraging site
WBBP,59.74,-112.22,8/16/2011,0,Yes,Foraging site
WBBP,59.74,-112.22,8/17/2011,0,Yes,Foraging site
WBBP,59.74,-112.22,8/18/2011,0,Yes,Foraging site
WBBP,59.74,-112.22,8/19/2011,0,Yes,Foraging site
WBBP,59.74,-112.22,8/20/2011,0,Yes,Foraging site
WBBP,59.74,-112.22,8/21/2011,148,Yes,Foraging site
WBBP,59.74,-112.22,8/22/2011,190,Yes,Foraging site
WBBP,59.74,-112.22,8/23/2011,0,Yes,Foraging site
WBBP,59.74,-112.22,8/24/2011,0,Yes,Foraging site
WBBP,59.74,-112.22,8/25/2011,0,Yes,Foraging site
WBBP,59.74,-112.22,8/26/2011,0,Yes,Foraging site
WBBP,59.74,-112.22,8/27/2011,,No,Foraging site
WBBP,59.74,-112.22,8/28/2011,109,Yes,Foraging site
WBBP,59.74,-112.22,8/29/2011,80,Yes,Foraging site
WBBP,59.74,-112.22,8/30/2011,29,Yes,Foraging site
WBBP,59.74,-112.22,8/31/2011,14,Yes,Foraging site
WBBP,59.74,-112.22,9/1/2011,3,Yes,Foraging site
WBBP,59.74,-112.22,9/2/2011,23,Yes,Foraging site
WBBP,59.74,-112.22,9/3/2011,112,Yes,Foraging site
WBBP,59.74,-112.22,9/4/2011,202,Yes,Foraging site
WBBP,59.74,-112.22,9/5/2011,80,Yes,Foraging site
WBBP,59.74,-112.22,9/6/2011,192,Yes,Foraging site
WBBP,59.74,-112.22,9/7/2011,23,Yes,Foraging site
WBBP,59.74,-112.22,9/8/2011,17,Yes,Foraging site
WBBP,59.74,-112.22,9/9/2011,55,Yes,Foraging site
WBBP,59.74,-112.22,9/10/2011,6,Yes,Foraging site
WBBP,59.74,-112.22,9/11/2011,1,Yes,Foraging site
WBBP,59.74,-112.22,9/12/2011,0,Yes,Foraging site
WBBP,59.74,-112.22,9/13/2011,0,Yes,Foraging site
WBBP,59.74,-112.22,9/14/2011,7,Yes,Foraging site
WBBP,59.74,-112.22,9/15/2011,2,Yes,Foraging site
WBBP,59.74,-112.22,9/16/2011,1,Yes,Foraging site
WBBP,59.74,-112.22,9/17/2011,7,Yes,Foraging site
WBBP,59.74,-112.22,9/18/2011,4,Yes,Foraging site
WBBP,59.74,-112.22,9/19/2011,1,Yes,Foraging site
WBBP,59.74,-112.22,9/20/2011,5,Yes,Foraging site
WBBP,59.74,-112.22,9/21/2011,4,Yes,Foraging site
WBBP,59.74,-112.22,9/22/2011,1,Yes,Foraging site
WBBP,59.74,-112.22,9/23/2011,4,Yes,Foraging site
WBBP,59.74,-112.22,9/24/2011,0,Yes,Foraging site
WBBP,59.74,-112.22,9/25/2011,15,Yes,Foraging site
WBBP,59.74,-112.22,9/26/2011,1,Yes,Foraging site
WBBP,59.74,-112.22,9/27/2011,4,Yes,Foraging site
WBBP,59.74,-112.22,9/28/2011,0,Yes,Foraging site
WBBP,59.74,-112.22,9/29/2011,2,Yes,Foraging site
WBBP,59.74,-112.22,9/30/2011,0,Yes,Foraging site
WBBP,59.74,-112.22,10/1/2011,0,Yes,Foraging site
WBBP,59.74,-112.22,10/2/2011,0,Yes,Foraging site
WBBP,59.74,-112.22,10/3/2011,0,Yes,Foraging site
WBBP,59.74,-112.22,10/4/2011,0,Yes,Foraging site
WBBP,59.74,-112.22,10/5/2011,0,Yes,Foraging site
WBBP,59.74,-112.22,10/6/2011,1,Yes,Foraging site
WBBP,59.74,-112.22,10/7/2011,0,Yes,Foraging site
WBBP,59.74,-112.22,10/8/2011,0,Yes,Foraging site
WBBP,59.74,-112.22,10/9/2011,0,Yes,Foraging site
WBBP,59.74,-112.22,10/10/2011,,No,Foraging site
WBBP,59.74,-112.22,10/11/2011,,No,Foraging site
WBBP,59.74,-112.22,10/12/2011,,No,Foraging site
WBBP,59.74,-112.22,10/13/2011,,No,Foraging site
WBBP,59.74,-112.22,10/14/2011,,No,Foraging site
WBBP,59.74,-112.22,10/15/2011,,No,Foraging site
WBBP,59.74,-112.22,10/16/2011,,No,Foraging site
WBBP,59.74,-112.22,10/17/2011,,No,Foraging site
WBBP,59.74,-112.22,10/18/2011,,No,Foraging site
WBBP,59.74,-112.22,10/19/2011,,No,Foraging site
WBBP,59.74,-112.22,10/20/2011,,No,Foraging site
WBBP,59.74,-112.22,10/21/2011,,No,Foraging site
WBBP,59.74,-112.22,10/22/2011,,No,Foraging site
WBBP,59.74,-112.22,10/23/2011,,No,Foraging site
WBBP,59.74,-112.22,10/24/2011,,No,Foraging site
WBBP,59.74,-112.22,10/25/2011,,No,Foraging site
WBBP,59.74,-112.22,10/26/2011,,No,Foraging site
WBBP,59.74,-112.22,10/27/2011,,No,Foraging site
WBBP,59.74,-112.22,10/28/2011,,No,Foraging site
WBBP,59.74,-112.22,10/29/2011,,No,Foraging site
WBBP,59.74,-112.22,10/30/2011,,No,Foraging site
WBBP,59.74,-112.22,10/31/2011,,No,Foraging site
